#include <stdlib.h>
#include <string.h>
#include "crc.h"
#include "i2c.h"
#include "int_mca.h"
#include "pit.h"
#include "err.h"
#include "math.h"
#include "nuc.h"
#include "database.h"

extern time_t clock_time;

static MCA_DATA mca_data;
SPEC_MEAS spec_meas;
#ifdef TESTING
DETECTOR detectorMirror;
BKG_MEAS bkgMirror;
#else
static DETECTOR detectorMirror;
static DETECTOR detectorProbe700Mirror;
static DETECTOR detectorWell700Mirror;
static DETECTOR *activeDetectorMirror;

static AUTOCAL wellAutoCalMirror;
static AUTOCAL betaAutoCalMirror;
static AUTOCAL probe700AutoCalMirror;
static AUTOCAL drilledprobe700AutoCalMirror;
static AUTOCAL well700AutoCalMirror;
static AUTOCAL emptyAutoCalMirror;
static AUTOCAL *activeAutoCalMirror;

static BACKGND wellBkgMirror;
static BACKGND betaBkgMirror;
static BACKGND probe700BkgMirror;
static BACKGND drilledprobe700BkgMirror;
static BACKGND well700BkgMirror;
static BACKGND emptyBkgMirror;
static BACKGND *activeBkgMirror;
#endif

short Mca_installedDetector;
static short zeroOffset;
static short gainOne;
static short gainTwo;
static short HVValue;
static bool HVState;
static short Threshold;
static short measureSec;
static short timeType;
static float fullSpecEffMirror;

static unsigned char m_ucDspCode[] = {
0x04, 0x00, 0x40, 0x18, 0x1B, 0xCF, 0x0A, 0x00, 0x1F, 0x0A, 0x00, 0x1F, 0x0A, 0x00, 0x1F, 0x0A, 0x00, 0x1F, 0x0A, 0x00,
0x1F, 0x0A, 0x00, 0x1F, 0x0A, 0x00, 0x1F, 0x0A, 0x00, 0x1F, 0x0A, 0x00, 0x1F, 0x0A, 0x00, 0x1F, 0x0A, 0x00, 0x1F, 0x0A,
0x00, 0x1F, 0x0A, 0x00, 0x1F, 0x0A, 0x00, 0x1F, 0x0A, 0x00, 0x1F, 0x0A, 0x00, 0x1F, 0x0A, 0x00, 0x1F, 0x0A, 0x00, 0x1F,
0x18, 0x18, 0xBF, 0x0A, 0x00, 0x1F, 0x0A, 0x00, 0x1F, 0x0A, 0x00, 0x1F, 0x0B, 0x00, 0x0F, 0x0A, 0x00, 0x1F, 0x0A, 0x00,
0x1F, 0x0A, 0x00, 0x1F, 0x0A, 0x00, 0x1F, 0x0A, 0x00, 0x1F, 0x0A, 0x00, 0x1F, 0x0A, 0x00, 0x1F, 0x0A, 0x00, 0x1F, 0x0A,
0x00, 0x1F, 0x0A, 0x00, 0x1F, 0x0A, 0x00, 0x1F, 0x0A, 0x00, 0x1F, 0x0A, 0x00, 0x1F, 0x0A, 0x00, 0x1F, 0x0A, 0x00, 0x1F,
0x18, 0x0F, 0x4F, 0x0A, 0x00, 0x1F, 0x0A, 0x00, 0x1F, 0x0A, 0x00, 0x1F, 0x0A, 0x00, 0x1F, 0x0A, 0x00, 0x1F, 0x0A, 0x00,
0x1F, 0x0A, 0x00, 0x1F, 0x0A, 0x00, 0x1F, 0x0A, 0x00, 0x1F, 0x0C, 0x00, 0x30, 0x83, 0xFD, 0x9E, 0x23, 0x86, 0x0F, 0x0D,
0x04, 0x1A, 0x22, 0xE2, 0x0F, 0x18, 0x03, 0xD5, 0x60, 0x00, 0xC5, 0x60, 0x00, 0xB5, 0x21, 0x60, 0x1F, 0x68, 0x00, 0xC5,
0x68, 0x00, 0xB5, 0x83, 0xFD, 0x5B, 0x83, 0xFD, 0x6C, 0x21, 0x60, 0x1F, 0x93, 0xFD, 0x5B, 0x93, 0xFD, 0x6C, 0x0B, 0x00,
0x8F, 0x0A, 0x00, 0x1F, 0x0A, 0x00, 0x1F, 0x83, 0xFC, 0xAB, 0x83, 0xFC, 0xBC, 0x21, 0x60, 0x1F, 0x93, 0xFC, 0xAB, 0x93,
0xFC, 0xBC, 0x04, 0x00, 0x40, 0x83, 0xFC, 0x15, 0x23, 0x08, 0x0F, 0x18, 0x07, 0x71, 0x83, 0xFD, 0x6A, 0x0F, 0x02, 0xFB,
0x83, 0xFD, 0x5A, 0x0F, 0x1A, 0xFB, 0x8B, 0xFD, 0x83, 0x38, 0x00, 0x8B, 0x38, 0x00, 0x17, 0x78, 0x00, 0xEF, 0x9B, 0xFD,
0x83, 0x3C, 0x00, 0x85, 0x40, 0x00, 0x0A, 0x0D, 0x00, 0x5E, 0x14, 0x05, 0xBE, 0x72, 0x6A, 0x5F, 0x0F, 0x12, 0xFD, 0x40,
0xE3, 0xC5, 0x22, 0xEE, 0x0F, 0x18, 0x06, 0x73, 0x83, 0xFC, 0x0A, 0x23, 0xBA, 0x9F, 0x93, 0xFC, 0x0A, 0x83, 0xFC, 0x8A,
0x23, 0xBA, 0x9F, 0x93, 0xFC, 0x8A, 0x18, 0x07, 0x3F, 0x83, 0xFC, 0x0A, 0x23, 0x9A, 0xBF, 0x93, 0xFC, 0x0A, 0x83, 0xFC,
0x8A, 0x23, 0x9A, 0xBF, 0x93, 0xFC, 0x8A, 0x38, 0x1F, 0xE3, 0x38, 0x00, 0x0B, 0x0D, 0x08, 0x7E, 0x09, 0x00, 0x1F, 0x50,
0x00, 0xAF, 0x93, 0xFD, 0x7A, 0x40, 0x00, 0x0A, 0x93, 0xFD, 0x5A, 0x93, 0xFD, 0x6A, 0x40, 0x03, 0x2A, 0x93, 0xFC, 0x1A,
0x04, 0x00, 0x60, 0x83, 0xFC, 0xEB, 0x83, 0xFC, 0xFC, 0x21, 0xE0, 0x1F, 0x93, 0xFC, 0xEB, 0x93, 0xFC, 0xFC, 0x22, 0x7C,
0x0F, 0x0A, 0x00, 0x11, 0x22, 0x7B, 0x0F, 0x0A, 0x00, 0x11, 0x38, 0x18, 0x92, 0x38, 0x18, 0x80, 0x38, 0x18, 0x81, 0x1C,
0x18, 0xDF, 0x0A, 0x00, 0x1F, 0x83, 0xFC, 0xAB, 0x83, 0xFC, 0xBC, 0x21, 0x60, 0x1F, 0x93, 0xFC, 0xAB, 0x93, 0xFC, 0xBC,
0x04, 0x00, 0x40, 0x83, 0xFC, 0x15, 0x23, 0x08, 0x0F, 0x18, 0x0B, 0x91, 0x83, 0xFD, 0x6A, 0x0F, 0x02, 0xFB, 0x83, 0xFD,
0x5A, 0x0F, 0x1A, 0xFB, 0x8B, 0xFD, 0x83, 0x38, 0x00, 0x8B, 0x38, 0x00, 0x17, 0x78, 0x00, 0xEF, 0x9B, 0xFD, 0x83, 0x3C,
0x00, 0x85, 0x40, 0x00, 0x0A, 0x0D, 0x00, 0x5E, 0x14, 0x09, 0xDE, 0x72, 0x6A, 0x5F, 0x0F, 0x12, 0xFD, 0x40, 0xE3, 0xC5,
0x22, 0xEE, 0x0F, 0x18, 0x0A, 0x93, 0x83, 0xFC, 0x0A, 0x23, 0xBA, 0x9F, 0x93, 0xFC, 0x0A, 0x83, 0xFC, 0x8A, 0x23, 0xBA,
0x9F, 0x93, 0xFC, 0x8A, 0x18, 0x0B, 0x5F, 0x83, 0xFC, 0x0A, 0x23, 0x9A, 0xBF, 0x93, 0xFC, 0x0A, 0x83, 0xFC, 0x8A, 0x23,
0x9A, 0xBF, 0x93, 0xFC, 0x8A, 0x38, 0x1F, 0xE3, 0x38, 0x00, 0x0B, 0x0D, 0x08, 0x7E, 0x09, 0x00, 0x1F, 0x50, 0x00, 0xAF,
0x93, 0xFD, 0x7A, 0x40, 0x00, 0x0A, 0x93, 0xFD, 0x5A, 0x93, 0xFD, 0x6A, 0x40, 0x03, 0x2A, 0x93, 0xFC, 0x1A, 0x83, 0xFC,
0xCA, 0x93, 0xFD, 0x1A, 0x83, 0xFC, 0xDA, 0x04, 0x00, 0x60, 0x21, 0xEA, 0x0F, 0x21, 0xE2, 0x0F, 0x83, 0xFD, 0x1A, 0x21,
0xE2, 0x0F, 0x93, 0xFD, 0x2C, 0x0D, 0x00, 0xAB, 0x83, 0xFC, 0x2B, 0x83, 0xFC, 0x3C, 0x21, 0xE2, 0x0F, 0x83, 0xFD, 0x2A,
0x21, 0xEA, 0x0F, 0x21, 0xE2, 0x0F, 0x93, 0xFC, 0xEB, 0x93, 0xFC, 0xFC, 0x22, 0x7C, 0x0F, 0x0A, 0x00, 0x11, 0x22, 0x7B,
0x0F, 0x0A, 0x00, 0x11, 0x38, 0x18, 0x92, 0x38, 0x18, 0x80, 0x38, 0x18, 0x81, 0x1C, 0x18, 0xDF, 0x0A, 0x00, 0x1F, 0x83,
0xFD, 0x05, 0x23, 0x08, 0x0F, 0x18, 0x0F, 0x11, 0x83, 0xFC, 0x15, 0x22, 0x28, 0x0F, 0x93, 0xFC, 0x1A, 0x83, 0xFD, 0x3B,
0x83, 0xFD, 0x4C, 0x21, 0x60, 0x1F, 0x93, 0xFD, 0x3B, 0x93, 0xFD, 0x4C, 0x4F, 0xFF, 0x69, 0x10, 0x04, 0xAB, 0x0E, 0x1B,
0x0F, 0x83, 0xFD, 0x77, 0x21, 0x6E, 0x0F, 0x0D, 0x00, 0x0B, 0x40, 0x3F, 0xF5, 0x2B, 0x8A, 0x1C, 0x20, 0x98, 0x0F, 0x20,
0xEA, 0x0F, 0x10, 0x04, 0xC1, 0x10, 0x1B, 0xB0, 0x40, 0x00, 0x17, 0x21, 0x6E, 0x0F, 0x93, 0xFC, 0xCB, 0x93, 0xFC, 0xDC,
0x83, 0xFC, 0x9A, 0x93, 0xFD, 0x0A, 0x0C, 0x00, 0x20, 0x0A, 0x00, 0x1F, 0x83, 0xFC, 0x00, 0x23, 0x98, 0xDF, 0x0A, 0x00,
0x11, 0x0D, 0x00, 0x40, 0x48, 0x00, 0x70, 0x23, 0x80, 0x0F, 0x0D, 0x00, 0x1A, 0x83, 0xFC, 0x84, 0x23, 0x80, 0x0F, 0x0D,
0x00, 0x4A, 0x23, 0xC1, 0x0F, 0x0B, 0x00, 0x40, 0x0D, 0x04, 0x41, 0x34, 0x00, 0x08, 0x36, 0x00, 0x80, 0x09, 0x00, 0x00,
0x60, 0x00, 0x00, 0x0D, 0x08, 0x30, 0x83, 0xFC, 0x01, 0x93, 0xFC, 0x81, 0x38, 0x18, 0x80, 0x38, 0x18, 0x81, 0x38, 0x18,
0x92, 0x0B, 0x00, 0xCF, 0x1C, 0x18, 0xDF, 0x38, 0x04, 0x31, 0x38, 0x03, 0x00, 0x0A, 0x00, 0x1F, 0x1C, 0x1A, 0x6F, 0x1C,
0x18, 0xDF, 0x38, 0x04, 0x41, 0x38, 0x03, 0x10, 0x0A, 0x00, 0x1F, 0x40, 0x00, 0x00, 0x93, 0xFC, 0xA0, 0x93, 0xFC, 0xB0,
0x93, 0xFC, 0xC0, 0x93, 0xFC, 0xD0, 0x93, 0xFD, 0x30, 0x93, 0xFD, 0x40, 0x93, 0xFD, 0x50, 0x93, 0xFD, 0x60, 0x93, 0xFD,
0x70, 0x3A, 0x00, 0x03, 0x9B, 0xFD, 0x83, 0x3C, 0x00, 0x85, 0x38, 0x00, 0x8B, 0x38, 0x00, 0x17, 0x14, 0x12, 0x5E, 0x78,
0x00, 0x0F, 0x40, 0x03, 0x20, 0x93, 0xFC, 0x10, 0x83, 0xFC, 0x20, 0x93, 0xFC, 0xE0, 0x83, 0xFC, 0x30, 0x93, 0xFC, 0xF0,
0x38, 0x1E, 0xE3, 0x38, 0x00, 0x0B, 0x83, 0xFC, 0x0E, 0x0F, 0x16, 0xFC, 0x40, 0x00, 0xF4, 0x23, 0x86, 0x0F, 0x0D, 0x08,
0x7A, 0x09, 0x00, 0x1F, 0x50, 0x00, 0x0F, 0x93, 0xFC, 0x90, 0x93, 0xFD, 0x00, 0x1C, 0x19, 0xEF, 0x34, 0x00, 0x15, 0x34,
0x00, 0x29, 0x40, 0x00, 0x12, 0x0C, 0x00, 0x30, 0x40, 0x00, 0x12, 0x4F, 0xFF, 0xF6, 0x41, 0xFF, 0xE4, 0x0C, 0x00, 0x20,
0x38, 0x04, 0x51, 0x38, 0x03, 0x20, 0x38, 0x0D, 0x52, 0x0A, 0x00, 0x1F, 0x40, 0x00, 0x00, 0x93, 0xFC, 0xA0, 0x93, 0xFC,
0xB0, 0x93, 0xFC, 0xC0, 0x93, 0xFC, 0xD0, 0x93, 0xFD, 0x30, 0x93, 0xFD, 0x40, 0x93, 0xFD, 0x50, 0x93, 0xFD, 0x60, 0x93,
0xFD, 0x70, 0x3A, 0x00, 0x03, 0x9B, 0xFD, 0x83, 0x3C, 0x00, 0x85, 0x38, 0x00, 0x8B, 0x38, 0x00, 0x17, 0x14, 0x15, 0x4E,
0x78, 0x00, 0x0F, 0x40, 0x03, 0x20, 0x93, 0xFC, 0x10, 0x83, 0xFC, 0x20, 0x93, 0xFC, 0xE0, 0x83, 0xFC, 0x30, 0x93, 0xFC,
0xF0, 0x38, 0x1E, 0xE3, 0x38, 0x00, 0x0B, 0x83, 0xFC, 0x0E, 0x0F, 0x16, 0xFC, 0x40, 0x00, 0xF4, 0x23, 0x86, 0x0F, 0x0D,
0x08, 0x7A, 0x09, 0x00, 0x1F, 0x50, 0x00, 0x0F, 0x93, 0xFC, 0x90, 0x93, 0xFD, 0x00, 0x1C, 0x19, 0xEF, 0x34, 0x00, 0x15,
0x34, 0x00, 0x29, 0x40, 0x00, 0x12, 0x40, 0x00, 0x16, 0x4F, 0xFF, 0xF7, 0x0C, 0x00, 0x30, 0x40, 0x00, 0x12, 0x4F, 0xFF,
0xF6, 0x41, 0xFF, 0xE4, 0x0C, 0x00, 0x20, 0x38, 0x08, 0x71, 0x38, 0x03, 0x20, 0x38, 0x0D, 0x52, 0x0A, 0x00, 0x1F, 0x83,
0xFC, 0x80, 0x1C, 0x19, 0x2F, 0x1C, 0x1A, 0xEF, 0x1C, 0x18, 0xDF, 0x38, 0x04, 0x31, 0x38, 0x03, 0x00, 0x0A, 0x00, 0x1F,
0x1C, 0x18, 0xDF, 0x38, 0x04, 0x31, 0x38, 0x03, 0x00, 0x0A, 0x00, 0x1F, 0x1C, 0x18, 0xDF, 0x38, 0x04, 0x31, 0x38, 0x03,
0x00, 0x0A, 0x00, 0x1F, 0x1C, 0x18, 0xDF, 0x38, 0x04, 0x31, 0x38, 0x03, 0x00, 0x0A, 0x00, 0x1F, 0x0A, 0x00, 0x1F, 0x0C,
0x00, 0x20, 0x0A, 0x00, 0x1F, 0x9F, 0xFD, 0x98, 0x0A, 0x00, 0x1F, 0x83, 0xFC, 0x8A, 0x23, 0xBA, 0xDF, 0x93, 0xFC, 0x0A,
0x93, 0xFC, 0x8A, 0x0A, 0x00, 0x0F, 0x0D, 0x00, 0xE0, 0x3C, 0x00, 0x45, 0x14, 0x19, 0xCE, 0x23, 0x8E, 0xDF, 0x02, 0x02,
0x00, 0x02, 0x03, 0x01, 0x00, 0x00, 0x00, 0x02, 0x08, 0x0F, 0x00, 0x00, 0x00, 0x02, 0x0C, 0x0F, 0x0F, 0x16, 0x01, 0x0A,
0x00, 0x0F, 0x02, 0x00, 0x8F, 0x40, 0x00, 0x00, 0x1C, 0x19, 0x2F, 0x83, 0xFC, 0x80, 0x02, 0x00, 0xCF, 0x1C, 0x19, 0x2F,
0x02, 0x00, 0x8F, 0x0A, 0x00, 0x0F, 0x34, 0x00, 0x00, 0x3E, 0x00, 0x05, 0x34, 0x00, 0x08, 0x34, 0x00, 0x14, 0x40, 0x00,
0x00, 0x14, 0x1A, 0xCE, 0x68, 0x00, 0x00, 0x0A, 0x00, 0x0F, 0x83, 0xFC, 0x2E, 0x02, 0x00, 0xCF, 0x3C, 0x01, 0x05, 0x14,
0x1B, 0x8E, 0x02, 0x0C, 0x0F, 0x23, 0x9E, 0xDF, 0x02, 0x02, 0x00, 0x02, 0x03, 0x01, 0x00, 0x00, 0x00, 0x02, 0x08, 0x0F,
0x0F, 0x16, 0x01, 0x02, 0x00, 0x8F, 0x02, 0x0C, 0x0F, 0x0A, 0x00, 0x0F, 0x0C, 0x00, 0x20, 0x47, 0xFF, 0xF0, 0x93, 0xFC,
0x00, 0x40, 0x00, 0x00, 0x93, 0xFF, 0xE0, 0x36, 0x00, 0x80, 0x34, 0x00, 0x14, 0x34, 0x00, 0x08, 0xA0, 0x10, 0xC0, 0xA0,
0x11, 0x00, 0xA0, 0x11, 0x50, 0xA0, 0x14, 0x40, 0xA0, 0x17, 0x50, 0xA0, 0x17, 0xC0, 0xA0, 0x18, 0x00, 0xA0, 0x18, 0x40,
0x38, 0x03, 0x00, 0x38, 0x04, 0x31, 0x1C, 0x1A, 0x6F, 0x02, 0x00, 0x8F, 0x02, 0x0C, 0x0F, 0x40, 0x01, 0x00, 0x1C, 0x19,
0x2F, 0x4D, 0xC0, 0x00, 0x93, 0xFC, 0x20, 0x1C, 0x1A, 0xEF, 0x40, 0x0C, 0x70, 0x93, 0xFF, 0xB0, 0x40, 0x95, 0xF0, 0x93,
0xFF, 0xD0, 0x40, 0x00, 0x00, 0x93, 0xFF, 0xF0, 0x42, 0x80, 0xE0, 0x93, 0xFF, 0x60, 0x40, 0x00, 0x00, 0x93, 0xFF, 0x30,
0x93, 0xFD, 0x90, 0x3C, 0x01, 0x74, 0x3C, 0x03, 0x13, 0x48, 0x00, 0x00, 0x93, 0xFC, 0x80, 0x93, 0xFC, 0x00, 0x0C, 0xF0,
0x00, 0x83, 0xFF, 0xF0, 0x23, 0xB8, 0x1F, 0x93, 0xFF, 0xFA, 0x3C, 0x00, 0x0C, 0x04, 0x00, 0x60, 0x02, 0x80, 0x00, 0x18,
0x1E, 0xCF, 0x4D, 0x5A, 0x00, 0x26, 0xDE, 0x00, 0x19, 0xF5, 0x00, 0x13, 0x7C, 0x00, 0x0F, 0x98, 0x00, 0x0D, 0x00, 0x00,
0x0B, 0x25, 0x00, 0x09, 0xC1, 0x00, 0x08, 0xAC, 0x00, 0x07, 0xCE, 0x00, 0x07, 0x19, 0x00, 0x06, 0x81, 0x00, 0x06, 0x01,
0x00, 0x05, 0x94, 0x00, 0x05, 0x34, 0x00, 0x04, 0xE1, 0x00, 0x00, 0x00, 0x00, 0x00, 0x07, 0x00, 0x00, 0x08, 0x00, 0x00,
0x09, 0x00, 0x00, 0x09, 0x00, 0x00, 0x09, 0x00, 0x00, 0x09, 0x00, 0x00, 0x0A, 0x00, 0x00, 0x0A, 0x00, 0x00, 0x0A, 0x00,
0x00, 0x0A, 0x00, 0x00, 0x0A, 0x00, 0x00, 0x0A, 0x00, 0x00, 0x0A, 0x00, 0x00, 0x0A, 0x00, 0x00, 0x0A, 0x00, 0x00, 0x0A,
0x00, 0x00, 0x0A, 0x00, 0x00, 0x0A, 0x00, 0x00, 0x0A, 0x00, 0x00, 0x0A, 0x00, 0x00, 0x0A, 0x00, 0x00, 0x0A, 0x00, 0x00,
0x0A, 0x00, 0x00, 0x0A, 0x00, 0x00, 0x0A, 0x00, 0x00, 0x0A, 0x00, 0x00, 0x0A, 0x00, 0x00, 0x0A, 0x00, 0x00, 0x0A, 0x00,
0x00, 0x0A, 0x00, 0x00, 0x0A, 0x00, 0x00, 0x0A, 0x00, 0x00, 0x0A, 0x00, 0x00, 0x0A, 0x00, 0x00, 0x0A, 0x00, 0x00, 0x0A,
0x00, 0x00, 0x0A, 0x00, 0x00, 0x0A, 0x00, 0x00, 0x0A, 0x00, 0x00, 0x0A, 0x00, 0x00, 0x0A, 0x00, 0x00, 0x0A, 0x00, 0x00,
0x0A, 0x00, 0x00, 0x0A, 0x00, 0x00, 0x0A, 0x00, 0x00, 0x0A, 0x00, 0x00, 0x0A, 0x00, 0x00, 0x0A, 0x00, 0x00, 0x0A, 0x00,
0x00, 0x0A, 0x00, 0x00, 0x0A, 0x00, 0x00, 0x0A, 0x00, 0x00, 0x0A, 0x00, 0x00, 0x0A, 0x00, 0x00, 0x0A, 0x00, 0x00, 0x0A,
0x00, 0x00, 0x0A, 0x00, 0x00, 0x0A, 0x00, 0x00, 0x0A, 0x00, 0x00, 0x0A, 0x00, 0x00, 0x0A, 0x00, 0x00, 0x0A, 0x00, 0x00,
0x0A, 0x00, 0x00, 0x0A, 0x00, 0x00, 0x0A, 0x00, 0x00, 0x0A, 0x00, 0x00, 0x0A, 0x00, 0x00, 0x0A, 0x00, 0x00, 0x0A, 0x00,
0x00, 0x0A, 0x00, 0x00, 0x0A, 0x00, 0x00, 0x0A, 0x00, 0x00, 0x0A, 0x00, 0x00, 0x0A, 0x00, 0x00, 0x0A, 0x00, 0x00, 0x0A,
0x00, 0x00, 0x0A, 0x00, 0x00, 0x0A, 0x00, 0x00, 0x0A, 0x00, 0x00, 0x0A, 0x00, 0x00, 0x0A, 0x00, 0x00, 0x0A, 0x00, 0x00,
0x0A, 0x00, 0x00, 0x0A, 0x00, 0x00, 0x0A, 0x00, 0x00, 0x0A, 0x00, 0x00, 0x0A, 0x00, 0x00, 0x0A, 0x00, 0x00, 0x0A, 0x00,
0x00, 0x0A, 0x00, 0x00, 0x0A, 0x00, 0x00, 0x0A, 0x00, 0x00, 0x0A, 0x00, 0x00, 0x0A, 0x00, 0x00, 0x0A, 0x00, 0x00, 0x0A,
0x00, 0x00, 0x0A, 0x00, 0x00, 0x0A, 0x00, 0x00, 0x0A, 0x00, 0x00, 0x0A, 0x00, 0x00, 0x0A, 0x00, 0x00, 0x0A, 0x00, 0x00,
0x0A, 0x00, 0x00, 0x0A, 0x00, 0x00, 0x0A, 0x00, 0x00, 0x0A, 0x00, 0x00, 0x0A, 0x00, 0x00, 0x0A, 0x00, 0x00, 0x0A, 0x00,
0x00, 0x0A, 0x00, 0x00, 0x0A, 0x00, 0x00, 0x0A, 0x00, 0x00, 0x0A, 0x00, 0x00, 0x0A, 0x00, 0x00, 0x0A, 0x00, 0x00, 0x0A,
0x00, 0x00, 0x0A, 0x00, 0x00, 0x0A, 0x00, 0x00, 0x0A, 0x00, 0x00, 0x0A, 0x00, 0x00, 0x0A, 0x00, 0x00, 0x0A, 0x00, 0x00,
0x0A, 0x00, 0x00, 0x0A, 0x00, 0x00, 0x0A, 0x00, 0x00, 0x0A, 0x00, 0x00, 0x0A, 0x00, 0x00, 0x0A, 0x00, 0x00, 0x0A, 0x00,
0x00, 0x0A, 0x00, 0x00, 0x0A, 0x00, 0x00, 0x0A, 0x00, 0x00, 0x0A, 0x00, 0x00, 0x0A, 0x00, 0x00, 0x0A, 0x00, 0x00, 0x0A,
0x00, 0x00, 0x0A, 0x00, 0x00, 0x0A, 0x00, 0x00, 0x0A, 0x00, 0x00, 0x0A, 0x00, 0x00, 0x0A, 0x00, 0x00, 0x0A, 0x00, 0x00,
0x0A, 0x00, 0x00, 0x0A, 0x00, 0x00, 0x0A, 0x00, 0x00, 0x0A, 0x00, 0x00, 0x0A, 0x00, 0x00, 0x0A, 0x00, 0x00, 0x0A, 0x00,
0x00, 0x0A, 0x00, 0x00, 0x0A, 0x00, 0x00, 0x0A, 0x00, 0x00, 0x0A, 0x00, 0x00, 0x0A, 0x00, 0x00, 0x0A, 0x00, 0x00, 0x0A,
0x00, 0x00, 0x0A, 0x00, 0x00, 0x0A, 0x00, 0x00, 0x0A, 0x00, 0x00, 0x0A, 0x00, 0x00, 0x0A, 0x00, 0x00, 0x0A, 0x00, 0x00,
0x0A, 0x00, 0x00, 0x0A, 0x00, 0x00, 0x0A, 0x00, 0x00, 0x0A, 0x00, 0x00, 0x0A, 0x00, 0x00, 0x0A, 0x00, 0x00, 0x0A, 0x00,
0x00, 0x0A, 0x00, 0x00, 0x0A, 0x00, 0x00, 0x0A, 0x00, 0x00, 0x0A, 0x00, 0x00, 0x0A, 0x00, 0x00, 0x0A, 0x00, 0x00, 0x0A,
0x00, 0x00, 0x0A, 0x00, 0x00, 0x0A, 0x00, 0x00, 0x0A, 0x00, 0x00, 0x0A, 0x00, 0x00, 0x0A, 0x00, 0x00, 0x0A, 0x00, 0x00,
0x0A, 0x00, 0x00, 0x0A, 0x00, 0x00, 0x0A, 0x00, 0x00, 0x0A, 0x00, 0x00, 0x0A, 0x00, 0x00, 0x0A, 0x00, 0x00, 0x0A, 0x00,
0x00, 0x0A, 0x00, 0x00, 0x0A, 0x00, 0x00, 0x0A, 0x00, 0x00, 0x0A, 0x00, 0x00, 0x0A, 0x00, 0x00, 0x0A, 0x00, 0x00, 0x0A,
0x00, 0x00, 0x0A, 0x00, 0x00, 0x0A, 0x00, 0x00, 0x0A, 0x00, 0x00, 0x0A, 0x00, 0x00, 0x0A, 0x00, 0x00, 0x0A, 0x00, 0x00,
0x0A, 0x00, 0x00, 0x0A, 0x00, 0x00, 0x0A, 0x00, 0x00, 0x0A, 0x00, 0x00, 0x0A, 0x00, 0x00, 0x0A, 0x00, 0x00, 0x0A, 0x00,
0x00, 0x0A, 0x00, 0x00, 0x0A, 0x00, 0x00, 0x0A, 0x00, 0x00, 0x0A, 0x00, 0x00, 0x0A, 0x00, 0x00, 0x0A, 0x00, 0x00, 0x0A,
0x00, 0x00, 0x0A, 0x00, 0x00, 0x0A, 0x00, 0x00, 0x0A, 0x00, 0x00, 0x0A, 0x00, 0x00, 0x0A, 0x00, 0x00, 0x0A, 0x00, 0x00,
0x0A, 0x00, 0x00, 0x0A, 0x00, 0x00, 0x0A, 0x00, 0x00, 0x0A, 0x00, 0x00, 0x0A, 0x00, 0x00, 0x0A, 0x00, 0x00, 0x0A, 0x00,
0x00, 0x0A, 0x00, 0x00, 0x0A, 0x00, 0x00, 0x0A, 0x00, 0x00, 0x0A, 0x00, 0x00, 0x0A, 0x00, 0x00, 0x0A, 0x00, 0x00, 0x0A,
0x00, 0x00, 0x0A, 0x00, 0x00, 0x0A, 0x00, 0x00, 0x0A, 0x00, 0x00, 0x0A, 0x00, 0x00, 0x0A, 0x00, 0x00, 0x0A, 0x00, 0x00,
0x0A, 0x00, 0x00, 0x0A, 0x00, 0x00, 0x0A, 0x00, 0x00, 0x0A, 0x00, 0x00, 0x0A, 0x00, 0x00, 0x0A, 0x00, 0x00, 0x0A, 0x00,
0x00, 0x0A, 0x00, 0x00, 0x0A, 0x00, 0x00, 0x0A, 0x00, 0x00, 0x0A, 0x00, 0x00, 0x0A, 0x00, 0x00, 0x0A, 0x00, 0x00, 0x0A,
0x00, 0x00, 0x0A, 0x00, 0x00, 0x0A, 0x00, 0x00, 0x0A, 0x00, 0x00, 0x0A, 0x00, 0x00, 0x0A, 0x00, 0x00, 0x0A, 0x00, 0x00,
0x0A, 0x00, 0x00, 0x0B, 0x00, 0x00, 0x0B, 0x00, 0x00, 0x0B, 0x00, 0x00, 0x0B, 0x00, 0x00, 0x0B, 0x00, 0x00, 0x0B, 0x00,
0x00, 0x0B, 0x00, 0x00, 0x0B, 0x00, 0x00, 0x0B, 0x00, 0x00, 0x0B, 0x00, 0x00, 0x0B, 0x00, 0x00, 0x0B, 0x00, 0x00, 0x0B,
0x00, 0x00, 0x0B, 0x00, 0x00, 0x0C, 0x00, 0x00, 0x0C, 0x00, 0x00, 0x0C, 0x00, 0x00, 0x0C, 0x00, 0x00, 0x0C, 0x00, 0x00,
0x0C, 0x00, 0x00, 0x0C, 0x00, 0x00, 0x0C, 0x00, 0x00, 0x0C, 0x00, 0x00, 0x0C, 0x00, 0x00, 0x0C, 0x00, 0x00, 0x0C, 0x00,
0x00, 0x0C, 0x00, 0x00, 0x0C, 0x00, 0x00, 0x0C, 0x00, 0x00, 0x0D, 0x00, 0x00, 0x0D, 0x00, 0x00, 0x0D, 0x00, 0x00, 0x0D,
0x00, 0x00, 0x0D, 0x00, 0x00, 0x0D, 0x00, 0x00, 0x0D, 0x00, 0x00, 0x0D, 0x00, 0x00, 0x0D, 0x00, 0x00, 0x0D, 0x00, 0x00,
0x0D, 0x00, 0x00, 0x0D, 0x00, 0x00, 0x0D, 0x00, 0x00, 0x0D, 0x00, 0x00, 0x0D, 0x00, 0x00, 0x0D, 0x00, 0x00, 0x0D, 0x00,
0x00, 0x0E, 0x00, 0x00, 0x0E, 0x00, 0x00, 0x0E, 0x00, 0x00, 0x0E, 0x00, 0x00, 0x0E, 0x00, 0x00, 0x0E, 0x00, 0x00, 0x0E,
0x00, 0x00, 0x0E, 0x00, 0x00, 0x0E, 0x00, 0x00, 0x0E, 0x00, 0x00, 0x0E, 0x00, 0x00, 0x0E, 0x00, 0x00, 0x0E, 0x00, 0x00,
0x0E, 0x00, 0x00, 0x0E, 0x00, 0x00, 0x0E, 0x00, 0x00, 0x0E, 0x00, 0x00, 0x0E, 0x00, 0x00, 0x0E, 0x00, 0x00, 0x0F, 0x00,
0x00, 0x0F, 0x00, 0x00, 0x0F, 0x00, 0x00, 0x0F, 0x00, 0x00, 0x0F, 0x00, 0x00, 0x0F, 0x00, 0x00, 0x0F, 0x00, 0x00, 0x0F,
0x00, 0x00, 0x0F, 0x00, 0x00, 0x0F, 0x00, 0x00, 0x0F, 0x00, 0x00, 0x0F, 0x00, 0x00, 0x0F, 0x00, 0x00, 0x0F, 0x00, 0x00,
0x0F, 0x00, 0x00, 0x0F, 0x00, 0x00, 0x0F, 0x00, 0x00, 0x0F, 0x00, 0x00, 0x0F, 0x00, 0x00, 0x0F, 0x00, 0x00, 0x0F, 0x00,
0x00, 0x0F, 0x00, 0x00, 0x10, 0x00, 0x00, 0x10, 0x00, 0x00, 0x10, 0x00, 0x00, 0x10, 0x00, 0x00, 0x10, 0x00, 0x00, 0x10,
0x00, 0x00, 0x10, 0x00, 0x00, 0x10, 0x00, 0x00, 0x10, 0x00, 0x00, 0x10, 0x00, 0x00, 0x10, 0x00, 0x00, 0x10, 0x00, 0x00,
0x10, 0x00, 0x00, 0x10, 0x00, 0x00, 0x10, 0x00, 0x00, 0x10, 0x00, 0x00, 0x10, 0x00, 0x00, 0x10, 0x00, 0x00, 0x10, 0x00,
0x00, 0x10, 0x00, 0x00, 0x10, 0x00, 0x00, 0x10, 0x00, 0x00, 0x10, 0x00, 0x00, 0x10, 0x00, 0x00, 0x10, 0x00, 0x00, 0x11,
0x00, 0x00, 0x11, 0x00, 0x00, 0x11, 0x00, 0x00, 0x11, 0x00, 0x00, 0x11, 0x00, 0x00, 0x11, 0x00, 0x00, 0x11, 0x00, 0x00,
0x11, 0x00, 0x00, 0x11, 0x00, 0x00, 0x11, 0x00, 0x00, 0x11, 0x00, 0x00, 0x11, 0x00, 0x00, 0x11, 0x00, 0x00, 0x11, 0x00,
0x00, 0x11, 0x00, 0x00, 0x11, 0x00, 0x00, 0x11, 0x00, 0x00, 0x11, 0x00, 0x00, 0x11, 0x00, 0x00, 0x11, 0x00, 0x00, 0x11,
0x00, 0x00, 0x11, 0x00, 0x00, 0x11, 0x00, 0x00, 0x11, 0x00, 0x00, 0x11, 0x00, 0x00, 0x11, 0x00, 0x00, 0x11, 0x00, 0x00,
0x11, 0x00, 0x00, 0x12, 0x00, 0x00, 0x12, 0x00, 0x00, 0x12, 0x00, 0x00, 0x12, 0x00, 0x00, 0x12, 0x00, 0x00, 0x12, 0x00,
0x00, 0x12, 0x00, 0x00, 0x12, 0x00, 0x00, 0x12, 0x00, 0x00, 0x12, 0x00, 0x00, 0x12, 0x00, 0x00, 0x12, 0x00, 0x00, 0x12,
0x00, 0x00, 0x12, 0x00, 0x00, 0x12, 0x00, 0x00, 0x12, 0x00, 0x00, 0x12, 0x00, 0x00, 0x12, 0x00, 0x00, 0x12, 0x00, 0x00,
0x12, 0x00, 0x00, 0x12, 0x00, 0x00, 0x12, 0x00, 0x00, 0x12, 0x00, 0x00, 0x12, 0x00, 0x00, 0x12, 0x00, 0x00, 0x12, 0x00,
0x00, 0x12, 0x00, 0x00, 0x12, 0x00, 0x00, 0x12, 0x00, 0x00, 0x12, 0x00, 0x00, 0x12, 0x00, 0x00, 0x12, 0x00, 0x00, 0x12,
0x00, 0x00, 0x13, 0x00, 0x00, 0x13, 0x00, 0x00, 0x13, 0x00, 0x00, 0x13, 0x00, 0x00, 0x13, 0x00, 0x00, 0x13, 0x00, 0x00,
0x13, 0x00, 0x00, 0x13, 0x00, 0x00, 0x13, 0x00, 0x00, 0x13, 0x00, 0x00, 0x13, 0x00, 0x00, 0x13, 0x00, 0x00, 0x13, 0x00,
0x00, 0x13, 0x00, 0x00, 0x13, 0x00, 0x00, 0x13, 0x00, 0x00, 0x13, 0x00, 0x00, 0x13, 0x00, 0x00, 0x13, 0x00, 0x00, 0x13,
0x00, 0x00, 0x13, 0x00, 0x00, 0x13, 0x00, 0x00, 0x13, 0x00, 0x00, 0x13, 0x00, 0x00, 0x13, 0x00, 0x00, 0x13, 0x00, 0x00,
0x13, 0x00, 0x00, 0x13, 0x00, 0x00, 0x13, 0x00, 0x00, 0x13, 0x00, 0x00, 0x13, 0x00, 0x00, 0x13, 0x00, 0x00, 0x13, 0x00,
0x00, 0x13, 0x00, 0x00, 0x13, 0x00, 0x00, 0x13, 0x00, 0x00, 0x13, 0x00, 0x00, 0x13, 0x00, 0x00, 0x13, 0x00, 0x00, 0x14,
0x00, 0x00, 0x14, 0x00, 0x00, 0x14, 0x00, 0x00, 0x14, 0x00, 0x00, 0x14, 0x00, 0x00, 0x14, 0x00, 0x00, 0x14, 0x00, 0x00,
0x14, 0x00, 0x00, 0x14, 0x00, 0x00, 0x14, 0x00, 0x00, 0x14, 0x00, 0x00, 0x14, 0x00, 0x00, 0x14, 0x00, 0x00, 0x14, 0x00,
0x00, 0x14, 0x00, 0x00, 0x14, 0x00, 0x00, 0x14, 0x00, 0x00, 0x14, 0x00, 0x00, 0x14, 0x00, 0x00, 0x14, 0x00, 0x00, 0x14,
0x00, 0x00, 0x14, 0x00, 0x00, 0x14, 0x00, 0x00, 0x14, 0x00, 0x00, 0x14, 0x00, 0x00, 0x14, 0x00, 0x00, 0x14, 0x00, 0x00,
0x14, 0x00, 0x00, 0x14, 0x00, 0x00, 0x14, 0x00, 0x00, 0x14, 0x00, 0x00, 0x14, 0x00, 0x00, 0x14, 0x00, 0x00, 0x14, 0x00,
0x00, 0x14, 0x00, 0x00, 0x14, 0x00, 0x00, 0x14, 0x00, 0x00, 0x14, 0x00, 0x00, 0x14, 0x00, 0x00, 0x14, 0x00, 0x00, 0x14,
0x00, 0x00, 0x14, 0x00, 0x00, 0x14, 0x00, 0x00, 0x14, 0x00, 0x00, 0x14, 0x00, 0x00, 0x15, 0x00, 0x00, 0x15, 0x00, 0x00,
0x15, 0x00, 0x00, 0x15, 0x00, 0x00, 0x15, 0x00, 0x00, 0x15, 0x00, 0x00, 0x15, 0x00, 0x00, 0x15, 0x00, 0x00, 0x15, 0x00,
0x00, 0x15, 0x00, 0x00, 0x16, 0x00, 0x00, 0x16, 0x00, 0x00, 0x16, 0x00, 0x00, 0x16, 0x00, 0x00, 0x16, 0x00, 0x00, 0x16,
0x00, 0x00, 0x16, 0x00, 0x00, 0x16, 0x00, 0x00, 0x16, 0x00, 0x00, 0x16, 0x00, 0x00, 0x16, 0x00, 0x00, 0x17, 0x00, 0x00,
0x17, 0x00, 0x00, 0x17, 0x00, 0x00, 0x17, 0x00, 0x00, 0x17, 0x00, 0x00, 0x17, 0x00, 0x00, 0x17, 0x00, 0x00, 0x17, 0x00,
0x00, 0x17, 0x00, 0x00, 0x17, 0x00, 0x00, 0x17, 0x00, 0x00, 0x17, 0x00, 0x00, 0x18, 0x00, 0x00, 0x18, 0x00, 0x00, 0x18,
0x00, 0x00, 0x18, 0x00, 0x00, 0x18, 0x00, 0x00, 0x18, 0x00, 0x00, 0x18, 0x00, 0x00, 0x18, 0x00, 0x00, 0x18, 0x00, 0x00,
0x18, 0x00, 0x00, 0x18, 0x00, 0x00, 0x19, 0x00, 0x00, 0x19, 0x00, 0x00, 0x19, 0x00, 0x00, 0x19, 0x00, 0x00, 0x19, 0x00,
0x00, 0x19, 0x00, 0x00, 0x19, 0x00, 0x00, 0x19, 0x00, 0x00, 0x19, 0x00, 0x00, 0x19, 0x00, 0x00, 0x19, 0x00, 0x00, 0x19,
0x00, 0x00, 0x19, 0x00, 0x00, 0x1A, 0x00, 0x00, 0x1A, 0x00, 0x00, 0x1A, 0x00, 0x00, 0x1A, 0x00, 0x00, 0x1A, 0x00, 0x00,
0x1A, 0x00, 0x00, 0x1A, 0x00, 0x00, 0x1A, 0x00, 0x00, 0x1A, 0x00, 0x00, 0x1A, 0x00, 0x00, 0x1A, 0x00, 0x00, 0x1A, 0x00,
0x00, 0x1A, 0x00, 0x00, 0x1B, 0x00, 0x00, 0x1B, 0x00, 0x00, 0x1B, 0x00, 0x00, 0x1B, 0x00, 0x00, 0x1B, 0x00, 0x00, 0x1B,
0x00, 0x00, 0x1B, 0x00, 0x00, 0x1B, 0x00, 0x00, 0x1B, 0x00, 0x00, 0x1B, 0x00, 0x00, 0x1B, 0x00, 0x00, 0x1B, 0x00, 0x00,
0x1B, 0x00, 0x00, 0x1C, 0x00, 0x00, 0x1C, 0x00, 0x00, 0x1C, 0x00, 0x00, 0x1C, 0x00, 0x00, 0x1C, 0x00, 0x00, 0x1C, 0x00,
0x00, 0x1C, 0x00, 0x00, 0x1C, 0x00, 0x00, 0x1C, 0x00, 0x00, 0x1C, 0x00, 0x00, 0x1C, 0x00, 0x00, 0x1C, 0x00, 0x00, 0x1C,
0x00, 0x00, 0x1C, 0x00, 0x00, 0x1D, 0x00, 0x00, 0x1D, 0x00, 0x00, 0x1D, 0x00, 0x00, 0x1D, 0x00, 0x00, 0x1D, 0x00, 0x00,
0x1D, 0x00, 0x00, 0x1D, 0x00, 0x00, 0x1D, 0x00, 0x00, 0x1D, 0x00, 0x00, 0x1D, 0x00, 0x00, 0x1D, 0x00, 0x00, 0x1D, 0x00,
0x00, 0x1D, 0x00, 0x00, 0x1D, 0x00, 0x00, 0x1D, 0x00, 0x00, 0x1E, 0x00, 0x00, 0x1E, 0x00, 0x00, 0x1E, 0x00, 0x00, 0x1E,
0x00, 0x00, 0x1E, 0x00, 0x00, 0x1E, 0x00, 0x00, 0x1E, 0x00, 0x00, 0x1E, 0x00, 0x00, 0x1E, 0x00, 0x00, 0x1E, 0x00, 0x00,
0x1E, 0x00, 0x00, 0x1E, 0x00, 0x00, 0x1E, 0x00, 0x00, 0x1E, 0x00, 0x00, 0x1E, 0x00, 0x00, 0x1F, 0x00, 0x00, 0x1F, 0x00,
0x00, 0x1F, 0x00, 0x00, 0x1F, 0x00, 0x00, 0x1F, 0x00, 0x00, 0x1F, 0x00, 0x00, 0x1F, 0x00, 0x00, 0x1F, 0x00, 0x00, 0x1F,
0x00, 0x00, 0x1F, 0x00, 0x00, 0x1F, 0x00, 0x00, 0x1F, 0x00, 0x00, 0x1F, 0x00, 0x00, 0x1F, 0x00, 0x00, 0x1F, 0x00, 0x00,
0x1F, 0x00, 0x00, 0x1F, 0x00, 0x00, 0x20, 0x00, 0x00, 0x20, 0x00, 0x00, 0x20, 0x00, 0x00, 0x20, 0x00, 0x00, 0x20, 0x00,
0x00, 0x20, 0x00, 0x00, 0x20, 0x00, 0x00, 0x20, 0x00, 0x00, 0x20, 0x00, 0x00, 0x20, 0x00, 0x00, 0x20, 0x00, 0x00, 0x20,
0x00, 0x00, 0x20, 0x00, 0x00, 0x20, 0x00, 0x00, 0x20, 0x00, 0x00, 0x20, 0x00, 0x00, 0x20, 0x00, 0x00, 0x21, 0x00, 0x00,
0x21, 0x00, 0x00, 0x21, 0x00, 0x00, 0x21, 0x00, 0x00, 0x21, 0x00, 0x00, 0x21, 0x00, 0x00, 0x21, 0x00, 0x00, 0x21, 0x00,
0x00, 0x21, 0x00, 0x00, 0x21, 0x00, 0x00, 0x21, 0x00, 0x00, 0x21, 0x00, 0x00, 0x21, 0x00, 0x00, 0x21, 0x00, 0x00, 0x21,
0x00, 0x00, 0x21, 0x00, 0x00, 0x21, 0x00, 0x00, 0x21, 0x00, 0x00, 0x22, 0x00, 0x00, 0x22, 0x00, 0x00, 0x22, 0x00, 0x00,
0x22, 0x00, 0x00, 0x22, 0x00, 0x00, 0x22, 0x00, 0x00, 0x22, 0x00, 0x00, 0x22, 0x00, 0x00, 0x22, 0x00, 0x00, 0x22, 0x00,
0x00, 0x22, 0x00, 0x00, 0x22, 0x00, 0x00, 0x22, 0x00, 0x00, 0x22, 0x00, 0x00, 0x22, 0x00, 0x00, 0x22, 0x00, 0x00, 0x22,
0x00, 0x00, 0x22, 0x00, 0x00, 0x22, 0x00, 0x00, 0x23, 0x00, 0x00, 0x23, 0x00, 0x00, 0x23, 0x00, 0x00, 0x23, 0x00, 0x00,
0x23, 0x00, 0x00, 0x23, 0x00, 0x00, 0x23, 0x00, 0x00, 0x23, 0x00, 0x00, 0x23, 0x00, 0x00, 0x23, 0x00, 0x00, 0x23, 0x00,
0x00, 0x23, 0x00, 0x00, 0x23, 0x00, 0x00, 0x23, 0x00, 0x00, 0x23, 0x00, 0x00, 0x23, 0x00, 0x00, 0x23, 0x00, 0x00, 0x23,
0x00, 0x00, 0x23, 0x00, 0x00, 0x23, 0x00, 0x00, 0x24, 0x00, 0x00, 0x24, 0x00, 0x00, 0x24, 0x00, 0x00, 0x24, 0x00, 0x00,
0x24, 0x00, 0x00, 0x24, 0x00, 0x00, 0x24, 0x00, 0x00, 0x24, 0x00, 0x00, 0x24, 0x00, 0x00, 0x24, 0x00, 0x00, 0x24, 0x00,
0x00, 0x24, 0x00, 0x00, 0x24, 0x00, 0x00, 0x24, 0x00, 0x00, 0x24, 0x00, 0x00, 0x24, 0x00, 0x00, 0x24, 0x00, 0x00, 0x24,
0x00, 0x00, 0x24, 0x00, 0x00, 0x24, 0x00, 0x00, 0x24, 0x00, 0x00, 0x25, 0x00, 0x00, 0x25, 0x00, 0x00, 0x25, 0x00, 0x00,
0x25, 0x00, 0x00, 0x25, 0x00, 0x00, 0x25, 0x00, 0x00, 0x25, 0x00, 0x00, 0x25, 0x00, 0x00, 0x25, 0x00, 0x00, 0x25, 0x00,
0x00, 0x25, 0x00, 0x00, 0x25, 0x00, 0x00, 0x25, 0x00, 0x00, 0x25, 0x00, 0x00, 0x25, 0x00, 0x00, 0x25, 0x00, 0x00, 0x25,
0x00, 0x00, 0x25, 0x00, 0x00, 0x25, 0x00, 0x00, 0x25, 0x00, 0x00, 0x25, 0x00, 0x00, 0x25, 0x00, 0x00, 0x26, 0x00, 0x00,
0x26, 0x00, 0x00, 0x26, 0x00, 0x00, 0x26, 0x00, 0x00, 0x26, 0x00, 0x00, 0x26, 0x00, 0x00, 0x26, 0x00, 0x00, 0x26, 0x00,
0x00, 0x26, 0x00, 0x00, 0x26, 0x00, 0x00, 0x27, 0x00, 0x00, 0x27, 0x00, 0x00, 0x27, 0x00, 0x00, 0x27, 0x00, 0x00, 0x27,
0x00, 0x00, 0x27, 0x00, 0x00, 0x27, 0x00, 0x00, 0x27, 0x00, 0x00, 0x27, 0x00, 0x00, 0x27, 0x00, 0x00, 0x27, 0x00, 0x00,
0x28, 0x00, 0x00, 0x28, 0x00, 0x00, 0x28, 0x00, 0x00, 0x28, 0x00, 0x00, 0x28, 0x00, 0x00, 0x28, 0x00, 0x00, 0x28, 0x00,
0x00, 0x28, 0x00, 0x00, 0x28, 0x00, 0x00, 0x28, 0x00, 0x00, 0x28, 0x00, 0x00, 0x29, 0x00, 0x00, 0x29, 0x00, 0x00, 0x29,
0x00, 0x00, 0x29, 0x00, 0x00, 0x29, 0x00, 0x00, 0x29, 0x00, 0x00, 0x29, 0x00, 0x00, 0x29, 0x00, 0x00, 0x29, 0x00, 0x00,
0x29, 0x00, 0x00, 0x29, 0x00, 0x00, 0x29, 0x00, 0x00, 0x2A, 0x00, 0x00, 0x2A, 0x00, 0x00, 0x2A, 0x00, 0x00, 0x2A, 0x00,
0x00, 0x2A, 0x00, 0x00, 0x2A, 0x00, 0x00, 0x2A, 0x00, 0x00, 0x2A, 0x00, 0x00, 0x2A, 0x00, 0x00, 0x2A, 0x00, 0x00, 0x2A,
0x00, 0x00, 0x2A, 0x00, 0x00, 0x2B, 0x00, 0x00, 0x2B, 0x00, 0x00, 0x2B, 0x00, 0x00, 0x2B, 0x00, 0x00, 0x2B, 0x00, 0x00,
0x2B, 0x00, 0x00, 0x2B, 0x00, 0x00, 0x2B, 0x00, 0x00, 0x2B, 0x00, 0x00, 0x2B, 0x00, 0x00, 0x2B, 0x00, 0x00, 0x2B, 0x00,
0x00, 0x2C, 0x00, 0x00, 0x2C, 0x00, 0x00, 0x2C, 0x00, 0x00, 0x2C, 0x00, 0x00, 0x2C, 0x00, 0x00, 0x2C, 0x00, 0x00, 0x2C,
0x00, 0x00, 0x2C, 0x00, 0x00, 0x2C, 0x00, 0x00, 0x2C, 0x00, 0x00, 0x2C, 0x00, 0x00, 0x2C, 0x00, 0x00, 0x2D, 0x00, 0x00,
0x2D, 0x00, 0x00, 0x2D, 0x00, 0x00, 0x2D, 0x00, 0x00, 0x2D, 0x00, 0x00, 0x2D, 0x00, 0x00, 0x2D, 0x00, 0x00, 0x2D, 0x00,
0x00, 0x2D, 0x00, 0x00, 0x2D, 0x00, 0x00, 0x2D, 0x00, 0x00, 0x2D, 0x00, 0x00, 0x2D, 0x00, 0x00, 0x2E, 0x00, 0x00, 0x2E,
0x00, 0x00, 0x2E, 0x00, 0x00, 0x2E, 0x00, 0x00, 0x2E, 0x00, 0x00, 0x2E, 0x00, 0x00, 0x2E, 0x00, 0x00, 0x2E, 0x00, 0x00,
0x2E, 0x00, 0x00, 0x2E, 0x00, 0x00, 0x2E, 0x00, 0x00, 0x2E, 0x00, 0x00, 0x2E, 0x00, 0x00, 0x2F, 0x00, 0x00, 0x2F, 0x00,
0x00, 0x2F, 0x00, 0x00, 0x2F, 0x00, 0x00, 0x2F, 0x00, 0x00, 0x2F, 0x00, 0x00, 0x2F, 0x00, 0x00, 0x2F, 0x00, 0x00, 0x2F,
0x00, 0x00, 0x2F, 0x00, 0x00, 0x2F, 0x00, 0x00, 0x2F, 0x00, 0x00, 0x2F, 0x00, 0x00, 0x2F, 0x00, 0x00, 0x30, 0x00, 0x00,
0x30, 0x00, 0x00, 0x30, 0x00, 0x00, 0x30, 0x00, 0x00, 0x30, 0x00, 0x00, 0x30, 0x00, 0x00, 0x30, 0x00, 0x00, 0x30, 0x00,
0x00, 0x30, 0x00, 0x00, 0x30, 0x00, 0x00, 0x30, 0x00, 0x00, 0x30, 0x00, 0x00, 0x30, 0x00, 0x00, 0x30, 0x00, 0x00, 0x31,
0x00, 0x00, 0x31, 0x00, 0x00, 0x31, 0x00, 0x00, 0x31, 0x00, 0x00, 0x31, 0x00, 0x00, 0x31, 0x00, 0x00, 0x31, 0x00, 0x00,
0x31, 0x00, 0x00, 0x31, 0x00, 0x00, 0x31, 0x00, 0x00, 0x31, 0x00, 0x00, 0x31, 0x00, 0x00, 0x31, 0x00, 0x00, 0x31, 0x00,
0x00, 0x32, 0x00, 0x00, 0x32, 0x00, 0x00, 0x32, 0x00, 0x00, 0x32, 0x00, 0x00, 0x32, 0x00, 0x00, 0x32, 0x00, 0x00, 0x32,
0x00, 0x00, 0x32, 0x00, 0x00, 0x32, 0x00, 0x00, 0x32, 0x00, 0x00, 0x32, 0x00, 0x00, 0x32, 0x00, 0x00, 0x32, 0x00, 0x00,
0x32, 0x00, 0x00, 0x32, 0x00, 0x00, 0x33, 0x00, 0x00, 0x33, 0x00, 0x00, 0x33, 0x00, 0x00, 0x33, 0x00, 0x00, 0x33, 0x00,
0x00, 0x33, 0x00, 0x00, 0x33, 0x00, 0x00, 0x33, 0x00, 0x00, 0x33, 0x00, 0x00, 0x33, 0x00, 0x00, 0x33, 0x00, 0x00, 0x33,
0x00, 0x00, 0x33, 0x00, 0x00, 0x33, 0x00, 0x00, 0x33, 0x00, 0x00, 0x33, 0x00, 0x00, 0x34, 0x00, 0x00, 0x34, 0x00, 0x00,
0x34, 0x00, 0x00, 0x34, 0x00, 0x00, 0x34, 0x00, 0x00, 0x34, 0x00, 0x00, 0x34, 0x00, 0x00, 0x34, 0x00, 0x00, 0x34, 0x00,
0x00, 0x34, 0x00, 0x00, 0x34, 0x00, 0x00, 0x34, 0x00, 0x00, 0x34, 0x00, 0x00, 0x34, 0x00, 0x00, 0x34, 0x00, 0x00, 0x34,
0x00, 0x00, 0x35, 0x00, 0x00, 0x35, 0x00, 0x00, 0x35, 0x00, 0x00, 0x35, 0x00, 0x00, 0x35, 0x00, 0x00, 0x35, 0x00, 0x00,
0x35, 0x00, 0x00, 0x35, 0x00, 0x00, 0x35, 0x00, 0x00, 0x35, 0x00, 0x00, 0x35, 0x00, 0x00, 0x35, 0x00, 0x00, 0x35, 0x00,
0x00, 0x35, 0x00, 0x00, 0x35, 0x00, 0x00, 0x35, 0x00, 0x00, 0x36, 0x00, 0x00, 0x36, 0x00, 0x00, 0x36, 0x00, 0x00, 0x36,
0x00, 0x00, 0x36, 0x00, 0x00, 0x36, 0x00, 0x00, 0x36, 0x00, 0x00, 0x36, 0x00, 0x00, 0x36, 0x00, 0x00, 0x36, 0x00, 0x00,
0x36, 0x00, 0x00, 0x36, 0x00, 0x00, 0x36, 0x00, 0x00, 0x36, 0x00, 0x00, 0x36, 0x00, 0x00, 0x36, 0x00, 0x00, 0x36, 0x00,
0x00, 0x37, 0x00, 0x00, 0x37, 0x00, 0x00, 0x37, 0x00, 0x00, 0x37, 0x00, 0x00, 0x37, 0x00, 0x00, 0x37, 0x00, 0x00, 0x37,
0x00, 0x00, 0x37, 0x00, 0x00, 0x37, 0x00, 0x00, 0x37, 0x00, 0x00, 0x37, 0x00, 0x00, 0x37, 0x00, 0x00, 0x37, 0x00, 0x00,
0x37, 0x00, 0x00, 0x37, 0x00, 0x00, 0x37, 0x00, 0x00, 0x37, 0x00, 0x00, 0x37, 0x00, 0x00, 0x38, 0x00, 0x00, 0x38, 0x00,
0x00, 0x38, 0x00, 0x00, 0x38, 0x00, 0x00, 0x38, 0x00, 0x00, 0x38, 0x00, 0x00, 0x38, 0x00, 0x00, 0x38, 0x00, 0x00, 0x38,
0x00, 0x00, 0x38, 0x00, 0x00, 0x38, 0x00, 0x00, 0x38, 0x00, 0x00, 0x38, 0x00, 0x00, 0x38, 0x00, 0x00, 0x38, 0x00, 0x00,
0x38, 0x00, 0x00, 0x38, 0x00, 0x00, 0x39, 0x00, 0x00, 0x39, 0x00, 0x00, 0x39, 0x00, 0x00, 0x39, 0x00, 0x00, 0x39, 0x00,
0x00, 0x39, 0x00, 0x00, 0x39, 0x00, 0x00, 0x39, 0x00, 0x00, 0x39, 0x00, 0x00, 0x39, 0x00, 0x00, 0x39, 0x00, 0x00, 0x39,
0x00, 0x00, 0x39, 0x00, 0x00, 0x39, 0x00, 0x00, 0x3A, 0x00, 0x00, 0x3A, 0x00, 0x00, 0x3A, 0x00, 0x00, 0x3A, 0x00, 0x00,
0x3A, 0x00, 0x00, 0x3A, 0x00, 0x00, 0x3A, 0x00, 0x00, 0x3A, 0x00, 0x00, 0x3A, 0x00, 0x00, 0x3A, 0x00, 0x00, 0x3A, 0x00,
0x00, 0x3A, 0x00, 0x00, 0x3A, 0x00, 0x00, 0x3A, 0x00, 0x00, 0x3B, 0x00, 0x00, 0x3B, 0x00, 0x00, 0x3B, 0x00, 0x00, 0x3B,
0x00, 0x00, 0x3B, 0x00, 0x00, 0x3B, 0x00, 0x00, 0x3B, 0x00, 0x00, 0x3B, 0x00, 0x00, 0x3B, 0x00, 0x00, 0x3B, 0x00, 0x00,
0x3B, 0x00, 0x00, 0x3B, 0x00, 0x00, 0x3B, 0x00, 0x00, 0x3B, 0x00, 0x00, 0x3B, 0x00, 0x00, 0x3C, 0x00, 0x00, 0x3C, 0x00,
0x00, 0x3C, 0x00, 0x00, 0x3C, 0x00, 0x00, 0x3C, 0x00, 0x00, 0x3C, 0x00, 0x00, 0x3C, 0x00, 0x00, 0x3C, 0x00, 0x00, 0x3C,
0x00, 0x00, 0x3C, 0x00, 0x00, 0x3C, 0x00, 0x00, 0x3C, 0x00, 0x00, 0x3C, 0x00, 0x00, 0x3C, 0x00, 0x00, 0x3C, 0x00, 0x00,
0x3D, 0x00, 0x00, 0x3D, 0x00, 0x00, 0x3D, 0x00, 0x00, 0x3D, 0x00, 0x00, 0x3D, 0x00, 0x00, 0x3D, 0x00, 0x00, 0x3D, 0x00,
0x00, 0x3D, 0x00, 0x00, 0x3D, 0x00, 0x00, 0x3D, 0x00, 0x00, 0x3D, 0x00, 0x00, 0x3D, 0x00, 0x00, 0x3D, 0x00, 0x00, 0x3D,
0x00, 0x00, 0x3D, 0x00, 0x00, 0x3D, 0x00, 0x00, 0x3E, 0x00, 0x00, 0x3E, 0x00, 0x00, 0x3E, 0x00, 0x00, 0x3E, 0x00, 0x00,
0x3E, 0x00, 0x00, 0x3E, 0x00, 0x00, 0x3E, 0x00, 0x00, 0x3E, 0x00, 0x00, 0x3E, 0x00, 0x00, 0x3E, 0x00, 0x00, 0x3E, 0x00,
0x00, 0x3E, 0x00, 0x00, 0x3E, 0x00, 0x00, 0x3E, 0x00, 0x00, 0x3E, 0x00, 0x00, 0x3E, 0x00, 0x00, 0x3F, 0x00, 0x00, 0x3F,
0x00, 0x00, 0x3F, 0x00, 0x00, 0x3F, 0x00, 0x00, 0x3F, 0x00, 0x00, 0x3F, 0x00, 0x00, 0x3F, 0x00, 0x00, 0x3F, 0x00, 0x00,
0x3F, 0x00, 0x00, 0x3F, 0x00, 0x00, 0x3F, 0x00, 0x00, 0x3F, 0x00, 0x00, 0x3F, 0x00, 0x00, 0x3F, 0x00, 0x00, 0x3F, 0x00,
0x00, 0x3F, 0x00, 0x00, 0x40, 0x00, 0x00, 0x40, 0x00, 0x00, 0x40, 0x00, 0x00, 0x40, 0x00, 0x00, 0x40, 0x00, 0x00, 0x40,
0x00, 0x00, 0x40, 0x00, 0x00, 0x40, 0x00, 0x00, 0x40, 0x00, 0x00, 0x40, 0x00, 0x00, 0x40, 0x00, 0x00, 0x40, 0x00, 0x00,
0x40, 0x00, 0x00, 0x40, 0x00, 0x00, 0x40, 0x00, 0x00, 0x40, 0x00, 0x00, 0x40, 0x00, 0x00, 0x41, 0x00, 0x00, 0x41, 0x00,
0x00, 0x41, 0x00, 0x00, 0x41, 0x00, 0x00, 0x41, 0x00, 0x00, 0x41, 0x00, 0x00, 0x41, 0x00, 0x00, 0x41, 0x00, 0x00, 0x41,
0x00, 0x00, 0x41, 0x00, 0x00, 0x41, 0x00, 0x00, 0x41, 0x00, 0x00, 0x41, 0x00, 0x00, 0x41, 0x00, 0x00, 0x41, 0x00, 0x00,
0x41, 0x00, 0x00, 0x41, 0x00, 0x00, 0x42, 0x00, 0x00, 0x42, 0x00, 0x00, 0x42, 0x00, 0x00, 0x42, 0x00, 0x00, 0x42, 0x00,
0x00, 0x42, 0x00, 0x00, 0x42, 0x00, 0x00, 0x42, 0x00, 0x00, 0x42, 0x00, 0x00, 0x42, 0x00, 0x00, 0x42, 0x00, 0x00, 0x42,
0x00, 0x00, 0x42, 0x00, 0x00, 0x42, 0x00, 0x00, 0x42, 0x00, 0x00, 0x42, 0x00, 0x00, 0x42, 0x00, 0x00, 0x42, 0x00, 0x00,
0x43, 0x00, 0x00, 0x43, 0x00, 0x00, 0x43, 0x00, 0x00, 0x43, 0x00, 0x00, 0x43, 0x00, 0x00, 0x43, 0x00, 0x00, 0x43, 0x00,
0x00, 0x43, 0x00, 0x00, 0x43, 0x00, 0x00, 0x43, 0x00, 0x00, 0x43, 0x00, 0x00, 0x43, 0x00, 0x00, 0x43, 0x00, 0x00, 0x43,
0x00, 0x00, 0x43, 0x00, 0x00, 0x43, 0x00, 0x00, 0x43, 0x00, 0x00, 0x43, 0x00, 0x00, 0x43, 0x00, 0x00, 0x44, 0x00, 0x00,
0x44, 0x00, 0x00, 0x44, 0x00, 0x00, 0x44, 0x00, 0x00, 0x44, 0x00, 0x00, 0x44, 0x00, 0x00, 0x44, 0x00, 0x00, 0x44, 0x00,
0x00, 0x44, 0x00, 0x00, 0x44, 0x00, 0x00, 0x44, 0x00, 0x00, 0x44, 0x00, 0x00, 0x44, 0x00, 0x00, 0x44, 0x00, 0x00, 0x44,
0x00, 0x00, 0x44, 0x00, 0x00, 0x44, 0x00, 0x00, 0x44, 0x00, 0x00, 0x44, 0x00, 0x00, 0x45, 0x00, 0x00, 0x45, 0x00, 0x00,
0x45, 0x00, 0x00, 0x45, 0x00, 0x00, 0x45, 0x00, 0x00, 0x45, 0x00, 0x00, 0x45, 0x00, 0x00, 0x45, 0x00, 0x00, 0x45, 0x00,
0x00, 0x45, 0x00, 0x00, 0x45, 0x00, 0x00, 0x45, 0x00, 0x00, 0x45, 0x00, 0x00, 0x45, 0x00, 0x00, 0x45, 0x00, 0x00, 0x45,
0x00, 0x00, 0x45, 0x00, 0x00, 0x45, 0x00, 0x00, 0x45, 0x00, 0x00, 0x46, 0x00, 0x00, 0x46, 0x00, 0x00, 0x46, 0x00, 0x00,
0x46, 0x00, 0x00, 0x46, 0x00, 0x00, 0x46, 0x00, 0x00, 0x46, 0x00, 0x00, 0x46, 0x00, 0x00, 0x46, 0x00, 0x00, 0x46, 0x00,
0x00, 0x46, 0x00, 0x00, 0x46, 0x00, 0x00, 0x46, 0x00, 0x00, 0x46, 0x00, 0x00, 0x46, 0x00, 0x00, 0x46, 0x00, 0x00, 0x46,
0x00, 0x00, 0x46, 0x00, 0x00, 0x46, 0x00, 0x00, 0x46, 0x00, 0x00, 0x46, 0x00, 0x00, 0x47, 0x00, 0x00, 0x47, 0x00, 0x00,
0x47, 0x00, 0x00, 0x47, 0x00, 0x00, 0x47, 0x00, 0x00, 0x47, 0x00, 0x00, 0x47, 0x00, 0x00, 0x47, 0x00, 0x00, 0x47, 0x00,
0x00, 0x47, 0x00, 0x00, 0x47, 0x00, 0x00, 0x47, 0x00, 0x00, 0x47, 0x00, 0x00, 0x47, 0x00, 0x00, 0x47, 0x00, 0x00, 0x47,
0x00, 0x00, 0x47, 0x00, 0x00, 0x47, 0x00, 0x00, 0x47, 0x00, 0x00, 0x47, 0x00, 0x00, 0x47, 0x00, 0x00, 0x48, 0x00, 0x00,
0x48, 0x00, 0x00, 0x48, 0x00, 0x00, 0x48, 0x00, 0x00, 0x48, 0x00, 0x00, 0x48, 0x00, 0x00, 0x48, 0x00, 0x00, 0x48, 0x00,
0x00, 0x48, 0x00, 0x00, 0x48, 0x00, 0x00, 0x49, 0x00, 0x00, 0x49, 0x00, 0x00, 0x49, 0x00, 0x00, 0x49, 0x00, 0x00, 0x49,
0x00, 0x00, 0x49, 0x00, 0x00, 0x49, 0x00, 0x00, 0x49, 0x00, 0x00, 0x49, 0x00, 0x00, 0x49, 0x00, 0x00, 0x4A, 0x00, 0x00,
0x4A, 0x00, 0x00, 0x4A, 0x00, 0x00, 0x4A, 0x00, 0x00, 0x4A, 0x00, 0x00, 0x4A, 0x00, 0x00, 0x4A, 0x00, 0x00, 0x4A, 0x00,
0x00, 0x4A, 0x00, 0x00, 0x4A, 0x00, 0x00, 0x4B, 0x00, 0x00, 0x4B, 0x00, 0x00, 0x4B, 0x00, 0x00, 0x4B, 0x00, 0x00, 0x4B,
0x00, 0x00, 0x4B, 0x00, 0x00, 0x4B, 0x00, 0x00, 0x4B, 0x00, 0x00, 0x4B, 0x00, 0x00, 0x4B, 0x00, 0x00, 0x4C, 0x00, 0x00,
0x4C, 0x00, 0x00, 0x4C, 0x00, 0x00, 0x4C, 0x00, 0x00, 0x4C, 0x00, 0x00, 0x4C, 0x00, 0x00, 0x4C, 0x00, 0x00, 0x4C, 0x00,
0x00, 0x4C, 0x00, 0x00, 0x4C, 0x00, 0x00, 0x4C, 0x00, 0x00, 0x4D, 0x00, 0x00, 0x4D, 0x00, 0x00, 0x4D, 0x00, 0x00, 0x4D,
0x00, 0x00, 0x4D, 0x00, 0x00, 0x4D, 0x00, 0x00, 0x4D, 0x00, 0x00, 0x4D, 0x00, 0x00, 0x4D, 0x00, 0x00, 0x4D, 0x00, 0x00,
0x4D, 0x00, 0x00, 0x4E, 0x00, 0x00, 0x4E, 0x00, 0x00, 0x4E, 0x00, 0x00, 0x4E, 0x00, 0x00, 0x4E, 0x00, 0x00, 0x4E, 0x00,
0x00, 0x4E, 0x00, 0x00, 0x4E, 0x00, 0x00, 0x4E, 0x00, 0x00, 0x4E, 0x00, 0x00, 0x4F, 0x00, 0x00, 0x4F, 0x00, 0x00, 0x4F,
0x00, 0x00, 0x4F, 0x00, 0x00, 0x4F, 0x00, 0x00, 0x4F, 0x00, 0x00, 0x4F, 0x00, 0x00, 0x4F, 0x00, 0x00, 0x4F, 0x00, 0x00,
0x4F, 0x00, 0x00, 0x4F, 0x00, 0x00, 0x50, 0x00, 0x00, 0x50, 0x00, 0x00, 0x50, 0x00, 0x00, 0x50, 0x00, 0x00, 0x50, 0x00,
0x00, 0x50, 0x00, 0x00, 0x50, 0x00, 0x00, 0x50, 0x00, 0x00, 0x50, 0x00, 0x00, 0x50, 0x00, 0x00, 0x50, 0x00, 0x00, 0x51,
0x00, 0x00, 0x51, 0x00, 0x00, 0x51, 0x00, 0x00, 0x51, 0x00, 0x00, 0x51, 0x00, 0x00, 0x51, 0x00, 0x00, 0x51, 0x00, 0x00,
0x51, 0x00, 0x00, 0x51, 0x00, 0x00, 0x51, 0x00, 0x00, 0x51, 0x00, 0x00, 0x51, 0x00, 0x00, 0x52, 0x00, 0x00, 0x52, 0x00,
0x00, 0x52, 0x00, 0x00, 0x52, 0x00, 0x00, 0x52, 0x00, 0x00, 0x52, 0x00, 0x00, 0x52, 0x00, 0x00, 0x52, 0x00, 0x00, 0x52,
0x00, 0x00, 0x52, 0x00, 0x00, 0x52, 0x00, 0x00, 0x53, 0x00, 0x00, 0x53, 0x00, 0x00, 0x53, 0x00, 0x00, 0x53, 0x00, 0x00,
0x53, 0x00, 0x00, 0x53, 0x00, 0x00, 0x53, 0x00, 0x00, 0x53, 0x00, 0x00, 0x53, 0x00, 0x00, 0x53, 0x00, 0x00, 0x53, 0x00,
0x00, 0x53, 0x00, 0x00, 0x54, 0x00, 0x00, 0x54, 0x00, 0x00, 0x54, 0x00, 0x00, 0x54, 0x00, 0x00, 0x54, 0x00, 0x00, 0x54,
0x00, 0x00, 0x54, 0x00, 0x00, 0x54, 0x00, 0x00, 0x54, 0x00, 0x00, 0x54, 0x00, 0x00, 0x54, 0x00, 0x00, 0x54, 0x00, 0x00,
0x55, 0x00, 0x00, 0x55, 0x00, 0x00, 0x55, 0x00, 0x00, 0x55, 0x00, 0x00, 0x55, 0x00, 0x00, 0x55, 0x00, 0x00, 0x55, 0x00,
0x00, 0x55, 0x00, 0x00, 0x55, 0x00, 0x00, 0x55, 0x00, 0x00, 0x55, 0x00, 0x00, 0x55, 0x00, 0x00, 0x56, 0x00, 0x00, 0x56,
0x00, 0x00, 0x56, 0x00, 0x00, 0x56, 0x00, 0x00, 0x56, 0x00, 0x00, 0x56, 0x00, 0x00, 0x56, 0x00, 0x00, 0x56, 0x00, 0x00,
0x56, 0x00, 0x00, 0x56, 0x00, 0x00, 0x56, 0x00, 0x00, 0x56, 0x00, 0x00, 0x57, 0x00, 0x00, 0x57, 0x00, 0x00, 0x57, 0x00,
0x00, 0x57, 0x00, 0x00, 0x57, 0x00, 0x00, 0x57, 0x00, 0x00, 0x57, 0x00, 0x00, 0x57, 0x00, 0x00, 0x57, 0x00, 0x00, 0x57,
0x00, 0x00, 0x57, 0x00, 0x00, 0x57, 0x00, 0x00, 0x57, 0x00, 0x00, 0x58, 0x00, 0x00, 0x58, 0x00, 0x00, 0x58, 0x00, 0x00,
0x58, 0x00, 0x00, 0x58, 0x00, 0x00, 0x58, 0x00, 0x00, 0x58, 0x00, 0x00, 0x58, 0x00, 0x00, 0x58, 0x00, 0x00, 0x58, 0x00,
0x00, 0x58, 0x00, 0x00, 0x58, 0x00, 0x00, 0x59, 0x00, 0x00, 0x59, 0x00, 0x00, 0x59, 0x00, 0x00, 0x59, 0x00, 0x00, 0x59,
0x00, 0x00, 0x59, 0x00, 0x00, 0x59, 0x00, 0x00, 0x59, 0x00, 0x00, 0x59, 0x00, 0x00, 0x59, 0x00, 0x00, 0x59, 0x00, 0x00,
0x59, 0x00, 0x00, 0x59, 0x00, 0x00, 0x5A, 0x00, 0x00, 0x5A, 0x00, 0x00, 0x5A, 0x00, 0x00, 0x5A, 0x00, 0x00, 0x5A, 0x00,
0x00, 0x5A, 0x00, 0x00, 0x5A, 0x00, 0x00, 0x5A, 0x00, 0x00, 0x5A, 0x00, 0x00, 0x5A, 0x00, 0x00, 0x5A, 0x00, 0x00, 0x5A,
0x00, 0x00, 0x5A, 0x00, 0x00, 0x5A, 0x00, 0x00, 0x5B, 0x00, 0x00, 0x5B, 0x00, 0x00, 0x5B, 0x00, 0x00, 0x5B, 0x00, 0x00,
0x5B, 0x00, 0x00, 0x5B, 0x00, 0x00, 0x5B, 0x00, 0x00, 0x5B, 0x00, 0x00, 0x5B, 0x00, 0x00, 0x5B, 0x00, 0x00, 0x5B, 0x00,
0x00, 0x5B, 0x00, 0x00, 0x5B, 0x00, 0x00, 0x5C, 0x00, 0x00, 0x5C, 0x00, 0x00, 0x5C, 0x00, 0x00, 0x5C, 0x00, 0x00, 0x5C,
0x00, 0x00, 0x5C, 0x00, 0x00, 0x5C, 0x00, 0x00, 0x5C, 0x00, 0x00, 0x5C, 0x00, 0x00, 0x5C, 0x00, 0x00, 0x5C, 0x00, 0x00,
0x5C, 0x00, 0x00, 0x5C, 0x00, 0x00, 0x5C, 0x00, 0x00, 0x5D, 0x00, 0x00, 0x5D, 0x00, 0x00, 0x5D, 0x00, 0x00, 0x5D, 0x00,
0x00, 0x5D, 0x00, 0x00, 0x5D, 0x00, 0x00, 0x5D, 0x00, 0x00, 0x5D, 0x00, 0x00, 0x5D, 0x00, 0x00, 0x5D, 0x00, 0x00, 0x5D,
0x00, 0x00, 0x5D, 0x00, 0x00, 0x5D, 0x00, 0x00, 0x5D, 0x00, 0x00, 0x5E, 0x00, 0x00, 0x5E, 0x00, 0x00, 0x5E, 0x00, 0x00,
0x5E, 0x00, 0x00, 0x5E, 0x00, 0x00, 0x5E, 0x00, 0x00, 0x5E, 0x00, 0x00, 0x5E, 0x00, 0x00, 0x5E, 0x00, 0x00, 0x5E, 0x00,
0x00, 0x5E, 0x00, 0x00, 0x5E, 0x00, 0x00, 0x5E, 0x00, 0x00, 0x5F, 0x00, 0x00, 0x5F, 0x00, 0x00, 0x5F, 0x00, 0x00, 0x5F,
0x00, 0x00, 0x5F, 0x00, 0x00, 0x5F, 0x00, 0x00, 0x5F, 0x00, 0x00, 0x5F, 0x00, 0x00, 0x5F, 0x00, 0x00, 0x5F, 0x00, 0x00,
0x5F, 0x00, 0x00, 0x5F, 0x00, 0x00, 0x5F, 0x00, 0x00, 0x60, 0x00, 0x00, 0x60, 0x00, 0x00, 0x60, 0x00, 0x00, 0x60, 0x00,
0x00, 0x60, 0x00, 0x00, 0x60, 0x00, 0x00, 0x60, 0x00, 0x00, 0x60, 0x00, 0x00, 0x60, 0x00, 0x00, 0x60, 0x00, 0x00, 0x60,
0x00, 0x00, 0x60, 0x00, 0x00, 0x60, 0x00, 0x00, 0x61, 0x00, 0x00, 0x61, 0x00, 0x00, 0x61, 0x00, 0x00, 0x61, 0x00, 0x00,
0x61, 0x00, 0x00, 0x61, 0x00, 0x00, 0x61, 0x00, 0x00, 0x61, 0x00, 0x00, 0x61, 0x00, 0x00, 0x61, 0x00, 0x00, 0x61, 0x00,
0x00, 0x61, 0x00, 0x00, 0x61, 0x00, 0x00, 0x61, 0x00, 0x00, 0x62, 0x00, 0x00, 0x62, 0x00, 0x00, 0x62, 0x00, 0x00, 0x62,
0x00, 0x00, 0x62, 0x00, 0x00, 0x62, 0x00, 0x00, 0x62, 0x00, 0x00, 0x62, 0x00, 0x00, 0x62, 0x00, 0x00, 0x62, 0x00, 0x00,
0x62, 0x00, 0x00, 0x62, 0x00, 0x00, 0x62, 0x00, 0x00, 0x62, 0x00, 0x00, 0x63, 0x00, 0x00, 0x63, 0x00, 0x00, 0x63, 0x00,
0x00, 0x63, 0x00, 0x00, 0x63, 0x00, 0x00, 0x63, 0x00, 0x00, 0x63, 0x00, 0x00, 0x63, 0x00, 0x00, 0x63, 0x00, 0x00, 0x63,
0x00, 0x00, 0x63, 0x00, 0x00, 0x63, 0x00, 0x00, 0x63, 0x00, 0x00, 0x63, 0x00, 0x00, 0x64, 0x00, 0x00, 0x64, 0x00, 0x00,
0x64, 0x00, 0x00, 0x64, 0x00, 0x00, 0x64, 0x00, 0x00, 0x64, 0x00, 0x00, 0x64, 0x00, 0x00, 0x64, 0x00, 0x00, 0x64, 0x00,
0x00, 0x64, 0x00, 0x00, 0x64, 0x00, 0x00, 0x64, 0x00, 0x00, 0x64, 0x00, 0x00, 0x64, 0x00, 0x00, 0x65, 0x00, 0x00, 0x65,
0x00, 0x00, 0x65, 0x00, 0x00, 0x65, 0x00, 0x00, 0x65, 0x00, 0x00, 0x65, 0x00, 0x00, 0x65, 0x00, 0x00, 0x65, 0x00, 0x00,
0x65, 0x00, 0x00, 0x65, 0x00, 0x00, 0x65, 0x00, 0x00, 0x65, 0x00, 0x00, 0x65, 0x00, 0x00, 0x65, 0x00, 0x00, 0x65, 0x00,
0x00, 0x66, 0x00, 0x00, 0x66, 0x00, 0x00, 0x66, 0x00, 0x00, 0x66, 0x00, 0x00, 0x66, 0x00, 0x00, 0x66, 0x00, 0x00, 0x66,
0x00, 0x00, 0x66, 0x00, 0x00, 0x66, 0x00, 0x00, 0x66, 0x00, 0x00, 0x66, 0x00, 0x00, 0x66, 0x00, 0x00, 0x66, 0x00, 0x00,
0x66, 0x00, 0x00, 0x66, 0x00, 0x00, 0x67, 0x00, 0x00, 0x67, 0x00, 0x00, 0x67, 0x00, 0x00, 0x67, 0x00, 0x00, 0x67, 0x00,
0x00, 0x67, 0x00, 0x00, 0x67, 0x00, 0x00, 0x67, 0x00, 0x00, 0x67, 0x00, 0x00, 0x67, 0x00, 0x00, 0x67, 0x00, 0x00, 0x67,
0x00, 0x00, 0x67, 0x00, 0x00, 0x67, 0x00, 0x00, 0x67, 0x00, 0x00, 0x68, 0x00, 0x00, 0x68, 0x00, 0x00, 0x68, 0x00, 0x00,
0x68, 0x00, 0x00, 0x68, 0x00, 0x00, 0x68, 0x00, 0x00, 0x68, 0x00, 0x00, 0x68, 0x00, 0x00, 0x68, 0x00, 0x00, 0x68, 0x00,
0x00, 0x68, 0x00, 0x00, 0x68, 0x00, 0x00, 0x68, 0x00, 0x00, 0x68, 0x00, 0x00, 0x68, 0x00, 0x00, 0x69, 0x00, 0x00, 0x69,
0x00, 0x00, 0x69, 0x00, 0x00, 0x69, 0x00, 0x00, 0x69, 0x00, 0x00, 0x69, 0x00, 0x00, 0x69, 0x00, 0x00, 0x69, 0x00, 0x00,
0x69, 0x00, 0x00, 0x69, 0x00, 0x00, 0x69, 0x00, 0x00, 0x69, 0x00, 0x00, 0x69, 0x00, 0x00, 0x69, 0x00, 0x00, 0x69, 0x00,
0x00, 0x69, 0x00, 0x00, 0x6A, 0x00, 0x00, 0x6A, 0x00, 0x00, 0x6A, 0x00, 0x00, 0x6A, 0x00, 0x00, 0x6A, 0x00, 0x00, 0x6A,
0x00, 0x00, 0x6A, 0x00, 0x00, 0x6A, 0x00, 0x00, 0x6A, 0x00, 0x00, 0x6A, 0x00, 0x00, 0x6A, 0x00, 0x00, 0x6A, 0x00, 0x00,
0x6A, 0x00, 0x00, 0x6A, 0x00, 0x00, 0x6A, 0x00, 0x00, 0x6A, 0x00, 0x00, 0x6B, 0x00, 0x00, 0x6B, 0x00, 0x00, 0x6B, 0x00,
0x00, 0x6B, 0x00, 0x00, 0x6B, 0x00, 0x00, 0x6B, 0x00, 0x00, 0x6B, 0x00, 0x00, 0x6B, 0x00, 0x00, 0x6B, 0x00, 0x00, 0x6B,
0x00, 0x00, 0x6B, 0x00, 0x00, 0x6B, 0x00, 0x00, 0x6B, 0x00, 0x00, 0x6B, 0x00, 0x00, 0x6B, 0x00, 0x00, 0x6B, 0x00, 0x00,
0x6C, 0x00, 0x00, 0x6C, 0x00, 0x00, 0x6C, 0x00, 0x00, 0x6C, 0x00, 0x00, 0x6C, 0x00, 0x00, 0x6C, 0x00, 0x00, 0x6C, 0x00,
0x00, 0x6C, 0x00, 0x00, 0x6C, 0x00, 0x00, 0x6C, 0x00, 0x00, 0x6C, 0x00, 0x00, 0x6C, 0x00, 0x00, 0x6C, 0x00, 0x00, 0x6C,
0x00, 0x00, 0x6C, 0x00, 0x00, 0x6C, 0x00, 0x00, 0x6D, 0x00, 0x00, 0x6D, 0x00, 0x00, 0x6D, 0x00, 0x00, 0x6D, 0x00, 0x00,
0x6D, 0x00, 0x00, 0x6D, 0x00, 0x00, 0x6D, 0x00, 0x00, 0x6D, 0x00, 0x00, 0x6D, 0x00, 0x00, 0x6D, 0x00, 0x00, 0x6D, 0x00,
0x00, 0x6D, 0x00, 0x00, 0x6D, 0x00, 0x00, 0x6D, 0x00, 0x00, 0x6D, 0x00, 0x00, 0x6D, 0x00, 0x00, 0x6D, 0x00, 0x00, 0x6E,
0x00, 0x00, 0x6E, 0x00, 0x00, 0x6E, 0x00, 0x00, 0x6E, 0x00, 0x00, 0x6E, 0x00, 0x00, 0x6E, 0x00, 0x00, 0x6E, 0x00, 0x00,
0x6E, 0x00, 0x00, 0x6E, 0x00, 0x00, 0x6E, 0x00, 0x00, 0x6E, 0x00, 0x00, 0x6E, 0x00, 0x00, 0x6E, 0x00, 0x00, 0x6E, 0x00,
0x00, 0x6E, 0x00, 0x00, 0x6E, 0x00, 0x00, 0x6E, 0x00, 0x00, 0x6F, 0x00, 0x00, 0x6F, 0x00, 0x00, 0x6F, 0x00, 0x00, 0x6F,
0x00, 0x00, 0x6F, 0x00, 0x00, 0x6F, 0x00, 0x00, 0x6F, 0x00, 0x00, 0x6F, 0x00, 0x00, 0x6F, 0x00, 0x00, 0x6F, 0x00, 0x00,
0x6F, 0x00, 0x00, 0x6F, 0x00, 0x00, 0x6F, 0x00, 0x00, 0x6F, 0x00, 0x00, 0x6F, 0x00, 0x00, 0x6F, 0x00, 0x00, 0x70, 0x00,
0x00, 0x70, 0x00, 0x00, 0x70, 0x00, 0x00, 0x70, 0x00, 0x00, 0x70, 0x00, 0x00, 0x70, 0x00, 0x00, 0x70, 0x00, 0x00, 0x70,
0x00, 0x00, 0x70, 0x00, 0x00, 0x70, 0x00, 0x00, 0x70, 0x00, 0x00, 0x70, 0x00, 0x00, 0x71, 0x00, 0x00, 0x71, 0x00, 0x00,
0x71, 0x00, 0x00, 0x71, 0x00, 0x00, 0x71, 0x00, 0x00, 0x71, 0x00, 0x00, 0x71, 0x00, 0x00, 0x71, 0x00, 0x00, 0x71, 0x00,
0x00, 0x71, 0x00, 0x00, 0x71, 0x00, 0x00, 0x71, 0x00, 0x00, 0x71, 0x00, 0x00, 0x72, 0x00, 0x00, 0x72, 0x00, 0x00, 0x72,
0x00, 0x00, 0x72, 0x00, 0x00, 0x72, 0x00, 0x00, 0x72, 0x00, 0x00, 0x72, 0x00, 0x00, 0x72, 0x00, 0x00, 0x72, 0x00, 0x00,
0x72, 0x00, 0x00, 0x72, 0x00, 0x00, 0x72, 0x00, 0x00, 0x72, 0x00, 0x00, 0x72, 0x00, 0x00, 0x73, 0x00, 0x00, 0x73, 0x00,
0x00, 0x73, 0x00, 0x00, 0x73, 0x00, 0x00, 0x73, 0x00, 0x00, 0x73, 0x00, 0x00, 0x73, 0x00, 0x00, 0x73, 0x00, 0x00, 0x73,
0x00, 0x00, 0x73, 0x00, 0x00, 0x73, 0x00, 0x00, 0x73, 0x00, 0x00, 0x73, 0x00, 0x00, 0x74, 0x00, 0x00, 0x74, 0x00, 0x00,
0x74, 0x00, 0x00, 0x74, 0x00, 0x00, 0x74, 0x00, 0x00, 0x74, 0x00, 0x00, 0x74, 0x00, 0x00, 0x74, 0x00, 0x00, 0x74, 0x00,
0x00, 0x74, 0x00, 0x00, 0x74, 0x00, 0x00, 0x74, 0x00, 0x00, 0x74, 0x00, 0x00, 0x74, 0x00, 0x00, 0x75, 0x00, 0x00, 0x75,
0x00, 0x00, 0x75, 0x00, 0x00, 0x75, 0x00, 0x00, 0x75, 0x00, 0x00, 0x75, 0x00, 0x00, 0x75, 0x00, 0x00, 0x75, 0x00, 0x00,
0x75, 0x00, 0x00, 0x75, 0x00, 0x00, 0x75, 0x00, 0x00, 0x75, 0x00, 0x00, 0x75, 0x00, 0x00, 0x76, 0x00, 0x00, 0x76, 0x00,
0x00, 0x76, 0x00, 0x00, 0x76, 0x00, 0x00, 0x76, 0x00, 0x00, 0x76, 0x00, 0x00, 0x76, 0x00, 0x00, 0x76, 0x00, 0x00, 0x76,
0x00, 0x00, 0x76, 0x00, 0x00, 0x76, 0x00, 0x00, 0x76, 0x00, 0x00, 0x76, 0x00, 0x00, 0x76, 0x00, 0x00, 0x77, 0x00, 0x00,
0x77, 0x00, 0x00, 0x77, 0x00, 0x00, 0x77, 0x00, 0x00, 0x77, 0x00, 0x00, 0x77, 0x00, 0x00, 0x77, 0x00, 0x00, 0x77, 0x00,
0x00, 0x77, 0x00, 0x00, 0x77, 0x00, 0x00, 0x77, 0x00, 0x00, 0x77, 0x00, 0x00, 0x77, 0x00, 0x00, 0x77, 0x00, 0x00, 0x77,
0x00, 0x00, 0x78, 0x00, 0x00, 0x78, 0x00, 0x00, 0x78, 0x00, 0x00, 0x78, 0x00, 0x00, 0x78, 0x00, 0x00, 0x78, 0x00, 0x00,
0x78, 0x00, 0x00, 0x78, 0x00, 0x00, 0x78, 0x00, 0x00, 0x78, 0x00, 0x00, 0x78, 0x00, 0x00, 0x78, 0x00, 0x00, 0x78, 0x00,
0x00, 0x78, 0x00, 0x00, 0x79, 0x00, 0x00, 0x79, 0x00, 0x00, 0x79, 0x00, 0x00, 0x79, 0x00, 0x00, 0x79, 0x00, 0x00, 0x79,
0x00, 0x00, 0x79, 0x00, 0x00, 0x79, 0x00, 0x00, 0x79, 0x00, 0x00, 0x79, 0x00, 0x00, 0x79, 0x00, 0x00, 0x79, 0x00, 0x00,
0x79, 0x00, 0x00, 0x79, 0x00, 0x00, 0x79, 0x00, 0x00, 0x7A, 0x00, 0x00, 0x7A, 0x00, 0x00, 0x7A, 0x00, 0x00, 0x7A, 0x00,
0x00, 0x7A, 0x00, 0x00, 0x7A, 0x00, 0x00, 0x7A, 0x00, 0x00, 0x7A, 0x00, 0x00, 0x7A, 0x00, 0x00, 0x7A, 0x00, 0x00, 0x7A,
0x00, 0x00, 0x7A, 0x00, 0x00, 0x7A, 0x00, 0x00, 0x7A, 0x00, 0x00, 0x7B, 0x00, 0x00, 0x7B, 0x00, 0x00, 0x7B, 0x00, 0x00,
0x7B, 0x00, 0x00, 0x7B, 0x00, 0x00, 0x7B, 0x00, 0x00, 0x7B, 0x00, 0x00, 0x7B, 0x00, 0x00, 0x7B, 0x00, 0x00, 0x7B, 0x00,
0x00, 0x7B, 0x00, 0x00, 0x7B, 0x00, 0x00, 0x7B, 0x00, 0x00, 0x7B, 0x00, 0x00, 0x7B, 0x00, 0x00, 0x7C, 0x00, 0x00, 0x7C,
0x00, 0x00, 0x7C, 0x00, 0x00, 0x7C, 0x00, 0x00, 0x7C, 0x00, 0x00, 0x7C, 0x00, 0x00, 0x7C, 0x00, 0x00, 0x7C, 0x00, 0x00,
0x7C, 0x00, 0x00, 0x7C, 0x00, 0x00, 0x7C, 0x00, 0x00, 0x7C, 0x00, 0x00, 0x7C, 0x00, 0x00, 0x7C, 0x00, 0x00, 0x7C, 0x00,
0x00, 0x7C, 0x00, 0x00, 0x7D, 0x00, 0x00, 0x7D, 0x00, 0x00, 0x7D, 0x00, 0x00, 0x7D, 0x00, 0x00, 0x7D, 0x00, 0x00, 0x7D,
0x00, 0x00, 0x7D, 0x00, 0x00, 0x7D, 0x00, 0x00, 0x7D, 0x00, 0x00, 0x7D, 0x00, 0x00, 0x7D, 0x00, 0x00, 0x7D, 0x00, 0x00,
0x7D, 0x00, 0x00, 0x7D, 0x00, 0x00, 0x7D, 0x00, 0x00, 0x7E, 0x00, 0x00, 0x7E, 0x00, 0x00, 0x7E, 0x00, 0x00, 0x7E, 0x00,
0x00, 0x7E, 0x00, 0x00, 0x7E, 0x00, 0x00, 0x7E, 0x00, 0x00, 0x7E, 0x00, 0x00, 0x7E, 0x00, 0x00, 0x7E, 0x00, 0x00, 0x7E,
0x00, 0x00, 0x7E, 0x00, 0x00, 0x7E, 0x00, 0x00, 0x7E, 0x00, 0x00, 0x7E, 0x00, 0x00, 0x7E, 0x00, 0x00, 0x7F, 0x00, 0x00,
0x7F, 0x00, 0x00, 0x7F, 0x00, 0x00, 0x7F, 0x00, 0x00, 0x7F, 0x00, 0x00, 0x7F, 0x00, 0x00, 0x7F, 0x00, 0x00, 0x7F, 0x00,
0x00, 0x7F, 0x00, 0x00, 0x7F, 0x00, 0x00, 0x7F, 0x00, 0x00, 0x7F, 0x00, 0x00, 0x7F, 0x00, 0x00, 0x7F, 0x00, 0x00, 0x7F,
0x00, 0x00, 0x7F, 0x00, 0x00, 0x80, 0x00, 0x00, 0x80, 0x00, 0x00, 0x80, 0x00, 0x00, 0x80, 0x00, 0x00, 0x80, 0x00, 0x00,
0x80, 0x00, 0x00, 0x80, 0x00, 0x00, 0x80, 0x00, 0x00, 0x80, 0x00, 0x00, 0x80, 0x00, 0x00, 0x80, 0x00, 0x00, 0x80, 0x00,
0x00, 0x80, 0x00, 0x00, 0x80, 0x00, 0x00, 0x80, 0x00, 0x00, 0x80, 0x00, 0x00, 0x81, 0x00, 0x00, 0x81, 0x00, 0x00, 0x81,
0x00, 0x00, 0x81, 0x00, 0x00, 0x81, 0x00, 0x00, 0x81, 0x00, 0x00, 0x81, 0x00, 0x00, 0x81, 0x00, 0x00, 0x81, 0x00, 0x00,
0x81, 0x00, 0x00, 0x81, 0x00, 0x00, 0x81, 0x00, 0x00, 0x81, 0x00, 0x00, 0x81, 0x00, 0x00, 0x82, 0x00, 0x00, 0x82, 0x00,
0x00, 0x82, 0x00, 0x00, 0x82, 0x00, 0x00, 0x82, 0x00, 0x00, 0x82, 0x00, 0x00, 0x82, 0x00, 0x00, 0x82, 0x00, 0x00, 0x82,
0x00, 0x00, 0x82, 0x00, 0x00, 0x82, 0x00, 0x00, 0x83, 0x00, 0x00, 0x83, 0x00, 0x00, 0x83, 0x00, 0x00, 0x83, 0x00, 0x00,
0x83, 0x00, 0x00, 0x83, 0x00, 0x00, 0x83, 0x00, 0x00, 0x83, 0x00, 0x00, 0x83, 0x00, 0x00, 0x83, 0x00, 0x00, 0x84, 0x00,
0x00, 0x84, 0x00, 0x00, 0x84, 0x00, 0x00, 0x84, 0x00, 0x00, 0x84, 0x00, 0x00, 0x84, 0x00, 0x00, 0x84, 0x00, 0x00, 0x84,
0x00, 0x00, 0x84, 0x00, 0x00, 0x84, 0x00, 0x00, 0x84, 0x00, 0x00, 0x85, 0x00, 0x00, 0x85, 0x00, 0x00, 0x85, 0x00, 0x00,
0x85, 0x00, 0x00, 0x85, 0x00, 0x00, 0x85, 0x00, 0x00, 0x85, 0x00, 0x00, 0x85, 0x00, 0x00, 0x85, 0x00, 0x00, 0x85, 0x00,
0x00, 0x85, 0x00, 0x00, 0x86, 0x00, 0x00, 0x86, 0x00, 0x00, 0x86, 0x00, 0x00, 0x86, 0x00, 0x00, 0x86, 0x00, 0x00, 0x86,
0x00, 0x00, 0x86, 0x00, 0x00, 0x86, 0x00, 0x00, 0x86, 0x00, 0x00, 0x86, 0x00, 0x00, 0x86, 0x00, 0x00, 0x87, 0x00, 0x00,
0x87, 0x00, 0x00, 0x87, 0x00, 0x00, 0x87, 0x00, 0x00, 0x87, 0x00, 0x00, 0x87, 0x00, 0x00, 0x87, 0x00, 0x00, 0x87, 0x00,
0x00, 0x87, 0x00, 0x00, 0x87, 0x00, 0x00, 0x87, 0x00, 0x00, 0x88, 0x00, 0x00, 0x88, 0x00, 0x00, 0x88, 0x00, 0x00, 0x88,
0x00, 0x00, 0x88, 0x00, 0x00, 0x88, 0x00, 0x00, 0x88, 0x00, 0x00, 0x88, 0x00, 0x00, 0x88, 0x00, 0x00, 0x88, 0x00, 0x00,
0x88, 0x00, 0x00, 0x88, 0x00, 0x00, 0x89, 0x00, 0x00, 0x89, 0x00, 0x00, 0x89, 0x00, 0x00, 0x89, 0x00, 0x00, 0x89, 0x00,
0x00, 0x89, 0x00, 0x00, 0x89, 0x00, 0x00, 0x89, 0x00, 0x00, 0x89, 0x00, 0x00, 0x89, 0x00, 0x00, 0x89, 0x00, 0x00, 0x8A,
0x00, 0x00, 0x8A, 0x00, 0x00, 0x8A, 0x00, 0x00, 0x8A, 0x00, 0x00, 0x8A, 0x00, 0x00, 0x8A, 0x00, 0x00, 0x8A, 0x00, 0x00,
0x8A, 0x00, 0x00, 0x8A, 0x00, 0x00, 0x8A, 0x00, 0x00, 0x8A, 0x00, 0x00, 0x8A, 0x00, 0x00, 0x8B, 0x00, 0x00, 0x8B, 0x00,
0x00, 0x8B, 0x00, 0x00, 0x8B, 0x00, 0x00, 0x8B, 0x00, 0x00, 0x8B, 0x00, 0x00, 0x8B, 0x00, 0x00, 0x8B, 0x00, 0x00, 0x8B,
0x00, 0x00, 0x8B, 0x00, 0x00, 0x8B, 0x00, 0x00, 0x8C, 0x00, 0x00, 0x8C, 0x00, 0x00, 0x8C, 0x00, 0x00, 0x8C, 0x00, 0x00,
0x8C, 0x00, 0x00, 0x8C, 0x00, 0x00, 0x8C, 0x00, 0x00, 0x8C, 0x00, 0x00, 0x8C, 0x00, 0x00, 0x8C, 0x00, 0x00, 0x8C, 0x00,
0x00, 0x8C, 0x00, 0x00, 0x8D, 0x00, 0x00, 0x8D, 0x00, 0x00, 0x8D, 0x00, 0x00, 0x8D, 0x00, 0x00, 0x8D, 0x00, 0x00, 0x8D,
0x00, 0x00, 0x8D, 0x00, 0x00, 0x8D, 0x00, 0x00, 0x8D, 0x00, 0x00, 0x8D, 0x00, 0x00, 0x8D, 0x00, 0x00, 0x8D, 0x00, 0x00,
0x8E, 0x00, 0x00, 0x8E, 0x00, 0x00, 0x8E, 0x00, 0x00, 0x8E, 0x00, 0x00, 0x8E, 0x00, 0x00, 0x8E, 0x00, 0x00, 0x8E, 0x00,
0x00, 0x8E, 0x00, 0x00, 0x8E, 0x00, 0x00, 0x8E, 0x00, 0x00, 0x8E, 0x00, 0x00, 0x8E, 0x00, 0x00, 0x8F, 0x00, 0x00, 0x8F,
0x00, 0x00, 0x8F, 0x00, 0x00, 0x8F, 0x00, 0x00, 0x8F, 0x00, 0x00, 0x8F, 0x00, 0x00, 0x8F, 0x00, 0x00, 0x8F, 0x00, 0x00,
0x8F, 0x00, 0x00, 0x8F, 0x00, 0x00, 0x8F, 0x00, 0x00, 0x8F, 0x00, 0x00, 0x90, 0x00, 0x00, 0x90, 0x00, 0x00, 0x90, 0x00,
0x00, 0x90, 0x00, 0x00, 0x90, 0x00, 0x00, 0x90, 0x00, 0x00, 0x90, 0x00, 0x00, 0x90, 0x00, 0x00, 0x90, 0x00, 0x00, 0x90,
0x00, 0x00, 0x90, 0x00, 0x00, 0x90, 0x00, 0x00, 0x91, 0x00, 0x00, 0x91, 0x00, 0x00, 0x91, 0x00, 0x00, 0x91, 0x00, 0x00,
0x91, 0x00, 0x00, 0x91, 0x00, 0x00, 0x91, 0x00, 0x00, 0x91, 0x00, 0x00, 0x91, 0x00, 0x00, 0x91, 0x00, 0x00, 0x91, 0x00,
0x00, 0x91, 0x00, 0x00, 0x91, 0x00, 0x00, 0x92, 0x00, 0x00, 0x92, 0x00, 0x00, 0x92, 0x00, 0x00, 0x92, 0x00, 0x00, 0x92,
0x00, 0x00, 0x92, 0x00, 0x00, 0x92, 0x00, 0x00, 0x92, 0x00, 0x00, 0x92, 0x00, 0x00, 0x92, 0x00, 0x00, 0x92, 0x00, 0x00,
0x92, 0x00, 0x00, 0x93, 0x00, 0x00, 0x93, 0x00, 0x00, 0x93, 0x00, 0x00, 0x93, 0x00, 0x00, 0x93, 0x00, 0x00, 0x93, 0x00,
0x00, 0x93, 0x00, 0x00, 0x93, 0x00, 0x00, 0x93, 0x00, 0x00, 0x93, 0x00, 0x00, 0x93, 0x00, 0x00, 0x93, 0x00, 0x00, 0x93,
0x00, 0x00, 0x94, 0x00, 0x00, 0x94, 0x00, 0x00, 0x94, 0x00, 0x00, 0x94, 0x00, 0x00, 0x94, 0x00, 0x00, 0x94, 0x00, 0x00,
0x94, 0x00, 0x00, 0x94, 0x00, 0x00, 0x94, 0x00, 0x00, 0x94, 0x00, 0x00, 0x94, 0x00, 0x00, 0x94, 0x00, 0x00, 0x94, 0x00,
0x00, 0x95, 0x00, 0x00, 0x95, 0x00, 0x00, 0x95, 0x00, 0x00, 0x95, 0x00, 0x00, 0x95, 0x00, 0x00, 0x95, 0x00, 0x00, 0x95,
0x00, 0x00, 0x95, 0x00, 0x00, 0x95, 0x00, 0x00, 0x95, 0x00, 0x00, 0x95, 0x00, 0x00, 0x95, 0x00, 0x00, 0x95, 0x00, 0x00,
0x96, 0x00, 0x00, 0x96, 0x00, 0x00, 0x96, 0x00, 0x00, 0x96, 0x00, 0x00, 0x96, 0x00, 0x00, 0x96, 0x00, 0x00, 0x96, 0x00,
0x00, 0x96, 0x00, 0x00, 0x96, 0x00, 0x00, 0x96, 0x00, 0x00, 0x96, 0x00, 0x00, 0x96, 0x00, 0x00, 0x96, 0x00, 0x00, 0x97,
0x00, 0x00, 0x97, 0x00, 0x00, 0x97, 0x00, 0x00, 0x97, 0x00, 0x00, 0x97, 0x00, 0x00, 0x97, 0x00, 0x00, 0x97, 0x00, 0x00,
0x97, 0x00, 0x00, 0x97, 0x00, 0x00, 0x97, 0x00, 0x00, 0x97, 0x00, 0x00, 0x97, 0x00, 0x00, 0x98, 0x00, 0x00, 0x98, 0x00,
0x00, 0x98, 0x00, 0x00, 0x98, 0x00, 0x00, 0x98, 0x00, 0x00, 0x98, 0x00, 0x00, 0x98, 0x00, 0x00, 0x98, 0x00, 0x00, 0x98,
0x00, 0x00, 0x98, 0x00, 0x00, 0x99, 0x00, 0x00, 0x99, 0x00, 0x00, 0x99, 0x00, 0x00, 0x99, 0x00, 0x00, 0x99, 0x00, 0x00,
0x99, 0x00, 0x00, 0x99, 0x00, 0x00, 0x99, 0x00, 0x00, 0x99, 0x00, 0x00, 0x99, 0x00, 0x00, 0x99, 0x00, 0x00, 0x9A, 0x00,
0x00, 0x9A, 0x00, 0x00, 0x9A, 0x00, 0x00, 0x9A, 0x00, 0x00, 0x9A, 0x00, 0x00, 0x9A, 0x00, 0x00, 0x9A, 0x00, 0x00, 0x9A,
0x00, 0x00, 0x9A, 0x00, 0x00, 0x9A, 0x00, 0x00, 0x9B, 0x00, 0x00, 0x9B, 0x00, 0x00, 0x9B, 0x00, 0x00, 0x9B, 0x00, 0x00,
0x9B, 0x00, 0x00, 0x9B, 0x00, 0x00, 0x9B, 0x00, 0x00, 0x9B, 0x00, 0x00, 0x9B, 0x00, 0x00, 0x9B, 0x00, 0x00, 0x9B, 0x00,
0x00, 0x9C, 0x00, 0x00, 0x9C, 0x00, 0x00, 0x9C, 0x00, 0x00, 0x9C, 0x00, 0x00, 0x9C, 0x00, 0x00, 0x9C, 0x00, 0x00, 0x9C,
0x00, 0x00, 0x9C, 0x00, 0x00, 0x9C, 0x00, 0x00, 0x9C, 0x00, 0x00, 0x9C, 0x00, 0x00, 0x9D, 0x00, 0x00, 0x9D, 0x00, 0x00,
0x9D, 0x00, 0x00, 0x9D, 0x00, 0x00, 0x9D, 0x00, 0x00, 0x9D, 0x00, 0x00, 0x9D, 0x00, 0x00, 0x9D, 0x00, 0x00, 0x9D, 0x00,
0x00, 0x9D, 0x00, 0x00, 0x9D, 0x00, 0x00, 0x9E, 0x00, 0x00, 0x9E, 0x00, 0x00, 0x9E, 0x00, 0x00, 0x9E, 0x00, 0x00, 0x9E,
0x00, 0x00, 0x9E, 0x00, 0x00, 0x9E, 0x00, 0x00, 0x9E, 0x00, 0x00, 0x9E, 0x00, 0x00, 0x9E, 0x00, 0x00, 0x9E, 0x00, 0x00,
0x9F, 0x00, 0x00, 0x9F, 0x00, 0x00, 0x9F, 0x00, 0x00, 0x9F, 0x00, 0x00, 0x9F, 0x00, 0x00, 0x9F, 0x00, 0x00, 0x9F, 0x00,
0x00, 0x9F, 0x00, 0x00, 0x9F, 0x00, 0x00, 0x9F, 0x00, 0x00, 0x9F, 0x00, 0x00, 0xA0, 0x00, 0x00, 0xA0, 0x00, 0x00, 0xA0,
0x00, 0x00, 0xA0, 0x00, 0x00, 0xA0, 0x00, 0x00, 0xA0, 0x00, 0x00, 0xA0, 0x00, 0x00, 0xA0, 0x00, 0x00, 0xA0, 0x00, 0x00,
0xA0, 0x00, 0x00, 0xA0, 0x00, 0x00, 0xA1, 0x00, 0x00, 0xA1, 0x00, 0x00, 0xA1, 0x00, 0x00, 0xA1, 0x00, 0x00, 0xA1, 0x00,
0x00, 0xA1, 0x00, 0x00, 0xA1, 0x00, 0x00, 0xA1, 0x00, 0x00, 0xA1, 0x00, 0x00, 0xA1, 0x00, 0x00, 0xA1, 0x00, 0x00, 0xA1,
0x00, 0x00, 0xA2, 0x00, 0x00, 0xA2, 0x00, 0x00, 0xA2, 0x00, 0x00, 0xA2, 0x00, 0x00, 0xA2, 0x00, 0x00, 0xA2, 0x00, 0x00,
0xA2, 0x00, 0x00, 0xA2, 0x00, 0x00, 0xA2, 0x00, 0x00, 0xA2, 0x00, 0x00, 0xA2, 0x00, 0x00, 0xA3, 0x00, 0x00, 0xA3, 0x00,
0x00, 0xA3, 0x00, 0x00, 0xA3, 0x00, 0x00, 0xA3, 0x00, 0x00, 0xA3, 0x00, 0x00, 0xA3, 0x00, 0x00, 0xA3, 0x00, 0x00, 0xA3,
0x00, 0x00, 0xA3, 0x00, 0x00, 0xA3, 0x00, 0x00, 0xA4, 0x00, 0x00, 0xA4, 0x00, 0x00, 0xA4, 0x00, 0x00, 0xA4, 0x00, 0x00,
0xA4, 0x00, 0x00, 0xA4, 0x00, 0x00, 0xA4, 0x00, 0x00, 0xA4, 0x00, 0x00, 0xA4, 0x00, 0x00, 0xA4, 0x00, 0x00, 0xA4, 0x00,
0x00, 0xA4, 0x00, 0x00, 0xA5, 0x00, 0x00, 0xA5, 0x00, 0x00, 0xA5, 0x00, 0x00, 0xA5, 0x00, 0x00, 0xA5, 0x00, 0x00, 0xA5,
0x00, 0x00, 0xA5, 0x00, 0x00, 0xA5, 0x00, 0x00, 0xA5, 0x00, 0x00, 0xA5, 0x00, 0x00, 0xA5, 0x00, 0x00, 0xA5, 0x00, 0x00,
0xA6, 0x00, 0x00, 0xA6, 0x00, 0x00, 0xA6, 0x00, 0x00, 0xA6, 0x00, 0x00, 0xA6, 0x00, 0x00, 0xA6, 0x00, 0x00, 0xA6, 0x00,
0x00, 0xA6, 0x00, 0x00, 0xA6, 0x00, 0x00, 0xA6, 0x00, 0x00, 0xA6, 0x00, 0x00, 0xA6, 0x00, 0x00, 0xA7, 0x00, 0x00, 0xA7,
0x00, 0x00, 0xA7, 0x00, 0x00, 0xA7, 0x00, 0x00, 0xA7, 0x00, 0x00, 0xA7, 0x00, 0x00, 0xA7, 0x00, 0x00, 0xA7, 0x00, 0x00,
0xA7, 0x00, 0x00, 0xA7, 0x00, 0x00, 0xA7, 0x00, 0x00, 0xA7, 0x00, 0x00, 0xA8, 0x00, 0x00, 0xA8, 0x00, 0x00, 0xA8, 0x00,
0x00, 0xA8, 0x00, 0x00, 0xA8, 0x00, 0x00, 0xA8, 0x00, 0x00, 0xA8, 0x00, 0x00, 0xA8, 0x00, 0x00, 0xA8, 0x00, 0x00, 0xA8,
0x00, 0x00, 0xA8, 0x00, 0x00, 0xA8, 0x00, 0x00, 0xA9, 0x00, 0x00, 0xA9, 0x00, 0x00, 0xA9, 0x00, 0x00, 0xA9, 0x00, 0x00,
0xA9, 0x00, 0x00, 0xA9, 0x00, 0x00, 0xA9, 0x00, 0x00, 0xA9, 0x00, 0x00, 0xA9, 0x00, 0x00, 0xA9, 0x00, 0x00, 0xA9, 0x00,
0x00, 0xA9, 0x00, 0x00, 0xAA, 0x00, 0x00, 0xAA, 0x00, 0x00, 0xAA, 0x00, 0x00, 0xAA, 0x00, 0x00, 0xAA, 0x00, 0x00, 0xAA,
0x00, 0x00, 0xAA, 0x00, 0x00, 0xAA, 0x00, 0x00, 0xAA, 0x00, 0x00, 0xAA, 0x00, 0x00, 0xAA, 0x00, 0x00, 0xAA, 0x00, 0x00,
0xAB, 0x00, 0x00, 0xAB, 0x00, 0x00, 0xAB, 0x00, 0x00, 0xAB, 0x00, 0x00, 0xAB, 0x00, 0x00, 0xAB, 0x00, 0x00, 0xAB, 0x00,
0x00, 0xAB, 0x00, 0x00, 0xAB, 0x00, 0x00, 0xAB, 0x00, 0x00, 0xAB, 0x00, 0x00, 0xAB, 0x00, 0x00, 0xAB, 0x00, 0x00, 0xAC,
0x00, 0x00, 0xAC, 0x00, 0x00, 0xAC, 0x00, 0x00, 0xAC, 0x00, 0x00, 0xAC, 0x00, 0x00, 0xAC, 0x00, 0x00, 0xAC, 0x00, 0x00,
0xAC, 0x00, 0x00, 0xAC, 0x00, 0x00, 0xAC, 0x00, 0x00, 0xAC, 0x00, 0x00, 0xAC, 0x00, 0x00, 0xAD, 0x00, 0x00, 0xAD, 0x00,
0x00, 0xAD, 0x00, 0x00, 0xAD, 0x00, 0x00, 0xAD, 0x00, 0x00, 0xAD, 0x00, 0x00, 0xAD, 0x00, 0x00, 0xAD, 0x00, 0x00, 0xAD,
0x00, 0x00, 0xAD, 0x00, 0x00, 0xAD, 0x00, 0x00, 0xAD, 0x00, 0x00, 0xAD, 0x00, 0x00, 0xAE, 0x00, 0x00, 0xAE, 0x00, 0x00,
0xAE, 0x00, 0x00, 0xAE, 0x00, 0x00, 0xAE, 0x00, 0x00, 0xAE, 0x00, 0x00, 0xAE, 0x00, 0x00, 0xAE, 0x00, 0x00, 0xAE, 0x00,
0x00, 0xAE, 0x00, 0x00, 0xAF, 0x00, 0x00, 0xAF, 0x00, 0x00, 0xAF, 0x00, 0x00, 0xAF, 0x00, 0x00, 0xAF, 0x00, 0x00, 0xAF,
0x00, 0x00, 0xAF, 0x00, 0x00, 0xAF, 0x00, 0x00, 0xAF, 0x00, 0x00, 0xB0, 0x00, 0x00, 0xB0, 0x00, 0x00, 0xB0, 0x00, 0x00,
0xB0, 0x00, 0x00, 0xB0, 0x00, 0x00, 0xB0, 0x00, 0x00, 0xB0, 0x00, 0x00, 0xB0, 0x00, 0x00, 0xB0, 0x00, 0x00, 0xB0, 0x00,
0x00, 0xB1, 0x00, 0x00, 0xB1, 0x00, 0x00, 0xB1, 0x00, 0x00, 0xB1, 0x00, 0x00, 0xB1, 0x00, 0x00, 0xB1, 0x00, 0x00, 0xB1,
0x00, 0x00, 0xB1, 0x00, 0x00, 0xB1, 0x00, 0x00, 0xB2, 0x00, 0x00, 0xB2, 0x00, 0x00, 0xB2, 0x00, 0x00, 0xB2, 0x00, 0x00,
0xB2, 0x00, 0x00, 0xB2, 0x00, 0x00, 0xB2, 0x00, 0x00, 0xB2, 0x00, 0x00, 0xB2, 0x00, 0x00, 0xB3, 0x00, 0x00, 0xB3, 0x00,
0x00, 0xB3, 0x00, 0x00, 0xB3, 0x00, 0x00, 0xB3, 0x00, 0x00, 0xB3, 0x00, 0x00, 0xB3, 0x00, 0x00, 0xB3, 0x00, 0x00, 0xB3,
0x00, 0x00, 0xB3, 0x00, 0x00, 0xB4, 0x00, 0x00, 0xB4, 0x00, 0x00, 0xB4, 0x00, 0x00, 0xB4, 0x00, 0x00, 0xB4, 0x00, 0x00,
0xB4, 0x00, 0x00, 0xB4, 0x00, 0x00, 0xB4, 0x00, 0x00, 0xB4, 0x00, 0x00, 0xB5, 0x00, 0x00, 0xB5, 0x00, 0x00, 0xB5, 0x00,
0x00, 0xB5, 0x00, 0x00, 0xB5, 0x00, 0x00, 0xB5, 0x00, 0x00, 0xB5, 0x00, 0x00, 0xB5, 0x00, 0x00, 0xB5, 0x00, 0x00, 0xB5,
0x00, 0x00, 0xB6, 0x00, 0x00, 0xB6, 0x00, 0x00, 0xB6, 0x00, 0x00, 0xB6, 0x00, 0x00, 0xB6, 0x00, 0x00, 0xB6, 0x00, 0x00,
0xB6, 0x00, 0x00, 0xB6, 0x00, 0x00, 0xB6, 0x00, 0x00, 0xB7, 0x00, 0x00, 0xB7, 0x00, 0x00, 0xB7, 0x00, 0x00, 0xB7, 0x00,
0x00, 0xB7, 0x00, 0x00, 0xB7, 0x00, 0x00, 0xB7, 0x00, 0x00, 0xB7, 0x00, 0x00, 0xB7, 0x00, 0x00, 0xB7, 0x00, 0x00, 0xB8,
0x00, 0x00, 0xB8, 0x00, 0x00, 0xB8, 0x00, 0x00, 0xB8, 0x00, 0x00, 0xB8, 0x00, 0x00, 0xB8, 0x00, 0x00, 0xB8, 0x00, 0x00,
0xB8, 0x00, 0x00, 0xB8, 0x00, 0x00, 0xB8, 0x00, 0x00, 0xB9, 0x00, 0x00, 0xB9, 0x00, 0x00, 0xB9, 0x00, 0x00, 0xB9, 0x00,
0x00, 0xB9, 0x00, 0x00, 0xB9, 0x00, 0x00, 0xB9, 0x00, 0x00, 0xB9, 0x00, 0x00, 0xB9, 0x00, 0x00, 0xB9, 0x00, 0x00, 0xBA,
0x00, 0x00, 0xBA, 0x00, 0x00, 0xBA, 0x00, 0x00, 0xBA, 0x00, 0x00, 0xBA, 0x00, 0x00, 0xBA, 0x00, 0x00, 0xBA, 0x00, 0x00,
0xBA, 0x00, 0x00, 0xBA, 0x00, 0x00, 0xBB, 0x00, 0x00, 0xBB, 0x00, 0x00, 0xBB, 0x00, 0x00, 0xBB, 0x00, 0x00, 0xBB, 0x00,
0x00, 0xBB, 0x00, 0x00, 0xBB, 0x00, 0x00, 0xBB, 0x00, 0x00, 0xBB, 0x00, 0x00, 0xBB, 0x00, 0x00, 0xBC, 0x00, 0x00, 0xBC,
0x00, 0x00, 0xBC, 0x00, 0x00, 0xBC, 0x00, 0x00, 0xBC, 0x00, 0x00, 0xBC, 0x00, 0x00, 0xBC, 0x00, 0x00, 0xBC, 0x00, 0x00,
0xBC, 0x00, 0x00, 0xBC, 0x00, 0x00, 0xBD, 0x00, 0x00, 0xBD, 0x00, 0x00, 0xBD, 0x00, 0x00, 0xBD, 0x00, 0x00, 0xBD, 0x00,
0x00, 0xBD, 0x00, 0x00, 0xBD, 0x00, 0x00, 0xBD, 0x00, 0x00, 0xBD, 0x00, 0x00, 0xBD, 0x00, 0x00, 0xBD, 0x00, 0x00, 0xBE,
0x00, 0x00, 0xBE, 0x00, 0x00, 0xBE, 0x00, 0x00, 0xBE, 0x00, 0x00, 0xBE, 0x00, 0x00, 0xBE, 0x00, 0x00, 0xBE, 0x00, 0x00,
0xBE, 0x00, 0x00, 0xBE, 0x00, 0x00, 0xBE, 0x00, 0x00, 0xBF, 0x00, 0x00, 0xBF, 0x00, 0x00, 0xBF, 0x00, 0x00, 0xBF, 0x00,
0x00, 0xBF, 0x00, 0x00, 0xBF, 0x00, 0x00, 0xBF, 0x00, 0x00, 0xBF, 0x00, 0x00, 0xBF, 0x00, 0x00, 0xBF, 0x00, 0x00, 0xC0,
0x00, 0x00, 0xC0, 0x00, 0x00, 0xC0, 0x00, 0x00, 0xC0, 0x00, 0x00, 0xC0, 0x00, 0x00, 0xC0, 0x00, 0x00, 0xC0, 0x00, 0x00,
0xC0, 0x00, 0x00, 0xC0, 0x00, 0x00, 0xC0, 0x00, 0x00, 0xC1, 0x00, 0x00, 0xC1, 0x00, 0x00, 0xC1, 0x00, 0x00, 0xC1, 0x00,
0x00, 0xC1, 0x00, 0x00, 0xC1, 0x00, 0x00, 0xC1, 0x00, 0x00, 0xC1, 0x00, 0x00, 0xC1, 0x00, 0x00, 0xC1, 0x00, 0x00, 0xC1,
0x00, 0x00, 0xC2, 0x00, 0x00, 0xC2, 0x00, 0x00, 0xC2, 0x00, 0x00, 0xC2, 0x00, 0x00, 0xC2, 0x00, 0x00, 0xC2, 0x00, 0x00,
0xC2, 0x00, 0x00, 0xC2, 0x00, 0x00, 0xC2, 0x00, 0x00, 0xC2, 0x00, 0x00, 0xC3, 0x00, 0x00, 0xC3, 0x00, 0x00, 0xC3, 0x00,
0x00, 0xC3, 0x00, 0x00, 0xC3, 0x00, 0x00, 0xC3, 0x00, 0x00, 0xC3, 0x00, 0x00, 0xC3, 0x00, 0x00, 0xC3, 0x00, 0x00, 0xC3,
0x00, 0x00, 0xC3, 0x00, 0x00, 0xC4, 0x00, 0x00, 0xC4, 0x00, 0x00, 0xC4, 0x00, 0x00, 0xC4, 0x00, 0x00, 0xC4, 0x00, 0x00,
0xC4, 0x00, 0x00, 0xC4, 0x00, 0x00, 0xC4, 0x00, 0x00, 0xC4, 0x00, 0x00, 0xC4, 0x00, 0x00, 0xC4, 0x00, 0x00, 0xC5, 0x00,
0x00, 0xC5, 0x00, 0x00, 0xC5, 0x00, 0x00, 0xC5, 0x00, 0x00, 0xC5, 0x00, 0x00, 0xC5, 0x00, 0x00, 0xC5, 0x00, 0x00, 0xC5,
0x00, 0x00, 0xC5, 0x00, 0x00, 0xC5, 0x00, 0x00, 0xC6, 0x00, 0x00, 0xC6, 0x00, 0x00, 0xC6, 0x00, 0x00, 0xC6, 0x00, 0x00,
0xC6, 0x00, 0x00, 0xC6, 0x00, 0x00, 0xC6, 0x00, 0x00, 0xC6, 0x00, 0x00, 0xC6, 0x00, 0x00, 0xC6, 0x00, 0x00, 0xC6, 0x00,
0x00, 0xC7, 0x00, 0x00, 0xC7, 0x00, 0x00, 0xC7, 0x00, 0x00, 0xC7, 0x00, 0x00, 0xC7, 0x00, 0x00, 0xC7, 0x00, 0x00, 0xC7,
0x00, 0x00, 0xC7, 0x00, 0x00, 0xC7, 0x00, 0x00, 0xC7, 0x00, 0x00, 0xC7, 0x00, 0x00, 0xC8, 0x00, 0x00, 0xC8, 0x00, 0x00,
0xC8, 0x00, 0x00, 0xC8, 0x00, 0x00, 0xC8, 0x00, 0x00, 0xC8, 0x00, 0x00, 0xC8, 0x00, 0x00, 0xC8, 0x00, 0x00, 0xC8, 0x00,
0x00, 0xC9, 0x00, 0x00, 0xC9, 0x00, 0x00, 0xC9, 0x00, 0x00, 0xC9, 0x00, 0x00, 0xC9, 0x00, 0x00, 0xC9, 0x00, 0x00, 0xC9,
0x00, 0x00, 0xC9, 0x00, 0x00, 0xCA, 0x00, 0x00, 0xCA, 0x00, 0x00, 0xCA, 0x00, 0x00, 0xCA, 0x00, 0x00, 0xCA, 0x00, 0x00,
0xCA, 0x00, 0x00, 0xCA, 0x00, 0x00, 0xCA, 0x00, 0x00, 0xCB, 0x00, 0x00, 0xCB, 0x00, 0x00, 0xCB, 0x00, 0x00, 0xCB, 0x00,
0x00, 0xCB, 0x00, 0x00, 0xCB, 0x00, 0x00, 0xCB, 0x00, 0x00, 0xCB, 0x00, 0x00, 0xCC, 0x00, 0x00, 0xCC, 0x00, 0x00, 0xCC,
0x00, 0x00, 0xCC, 0x00, 0x00, 0xCC, 0x00, 0x00, 0xCC, 0x00, 0x00, 0xCC, 0x00, 0x00, 0xCC, 0x00, 0x00, 0xCD, 0x00, 0x00,
0xCD, 0x00, 0x00, 0xCD, 0x00, 0x00, 0xCD, 0x00, 0x00, 0xCD, 0x00, 0x00, 0xCD, 0x00, 0x00, 0xCD, 0x00, 0x00, 0xCD, 0x00,
0x00, 0xCE, 0x00, 0x00, 0xCE, 0x00, 0x00, 0xCE, 0x00, 0x00, 0xCE, 0x00, 0x00, 0xCE, 0x00, 0x00, 0xCE, 0x00, 0x00, 0xCE,
0x00, 0x00, 0xCE, 0x00, 0x00, 0xCF, 0x00, 0x00, 0xCF, 0x00, 0x00, 0xCF, 0x00, 0x00, 0xCF, 0x00, 0x00, 0xCF, 0x00, 0x00,
0xCF, 0x00, 0x00, 0xCF, 0x00, 0x00, 0xCF, 0x00, 0x00, 0xCF, 0x00, 0x00, 0xD0, 0x00, 0x00, 0xD0, 0x00, 0x00, 0xD0, 0x00,
0x00, 0xD0, 0x00, 0x00, 0xD0, 0x00, 0x00, 0xD0, 0x00, 0x00, 0xD0, 0x00, 0x00, 0xD0, 0x00, 0x00, 0xD1, 0x00, 0x00, 0xD1,
0x00, 0x00, 0xD1, 0x00, 0x00, 0xD1, 0x00, 0x00, 0xD1, 0x00, 0x00, 0xD1, 0x00, 0x00, 0xD1, 0x00, 0x00, 0xD1, 0x00, 0x00,
0xD2, 0x00, 0x00, 0xD2, 0x00, 0x00, 0xD2, 0x00, 0x00, 0xD2, 0x00, 0x00, 0xD2, 0x00, 0x00, 0xD2, 0x00, 0x00, 0xD2, 0x00,
0x00, 0xD2, 0x00, 0x00, 0xD2, 0x00, 0x00, 0xD3, 0x00, 0x00, 0xD3, 0x00, 0x00, 0xD3, 0x00, 0x00, 0xD3, 0x00, 0x00, 0xD3,
0x00, 0x00, 0xD3, 0x00, 0x00, 0xD3, 0x00, 0x00, 0xD3, 0x00, 0x00, 0xD4, 0x00, 0x00, 0xD4, 0x00, 0x00, 0xD4, 0x00, 0x00,
0xD4, 0x00, 0x00, 0xD4, 0x00, 0x00, 0xD4, 0x00, 0x00, 0xD4, 0x00, 0x00, 0xD4, 0x00, 0x00, 0xD4, 0x00, 0x00, 0xD5, 0x00,
0x00, 0xD5, 0x00, 0x00, 0xD5, 0x00, 0x00, 0xD5, 0x00, 0x00, 0xD5, 0x00, 0x00, 0xD5, 0x00, 0x00, 0xD5, 0x00, 0x00, 0xD5,
0x00, 0x00, 0xD6, 0x00, 0x00, 0xD6, 0x00, 0x00, 0xD6, 0x00, 0x00, 0xD6, 0x00, 0x00, 0xD6, 0x00, 0x00, 0xD6, 0x00, 0x00,
0xD6, 0x00, 0x00, 0xD6, 0x00, 0x00, 0xD6, 0x00, 0x00, 0xD7, 0x00, 0x00, 0xD7, 0x00, 0x00, 0xD7, 0x00, 0x00, 0xD7, 0x00,
0x00, 0xD7, 0x00, 0x00, 0xD7, 0x00, 0x00, 0xD7, 0x00, 0x00, 0xD7, 0x00, 0x00, 0xD7, 0x00, 0x00, 0xD8, 0x00, 0x00, 0xD8,
0x00, 0x00, 0xD8, 0x00, 0x00, 0xD8, 0x00, 0x00, 0xD8, 0x00, 0x00, 0xD8, 0x00, 0x00, 0xD8, 0x00, 0x00, 0xD8, 0x00, 0x00,
0xD9, 0x00, 0x00, 0xD9, 0x00, 0x00, 0xD9, 0x00, 0x00, 0xD9, 0x00, 0x00, 0xD9, 0x00, 0x00, 0xD9, 0x00, 0x00, 0xD9, 0x00,
0x00, 0xD9, 0x00, 0x00, 0xD9, 0x00, 0x00, 0xDA, 0x00, 0x00, 0xDA, 0x00, 0x00, 0xDA, 0x00, 0x00, 0xDA, 0x00, 0x00, 0xDA,
0x00, 0x00, 0xDA, 0x00, 0x00, 0xDA, 0x00, 0x00, 0xDA, 0x00, 0x00, 0xDA, 0x00, 0x00, 0xDB, 0x00, 0x00, 0xDB, 0x00, 0x00,
0xDB, 0x00, 0x00, 0xDB, 0x00, 0x00, 0xDB, 0x00, 0x00, 0xDB, 0x00, 0x00, 0xDB, 0x00, 0x00, 0xDB, 0x00, 0x00, 0xDB, 0x00,
0x00, 0xDC, 0x00, 0x00, 0xDC, 0x00, 0x00, 0xDC, 0x00, 0x00, 0xDC, 0x00, 0x00, 0xDC, 0x00, 0x00, 0xDC, 0x00, 0x00, 0xDC,
0x00, 0x00, 0xDC, 0x00, 0x00, 0xDD, 0x00, 0x00, 0xDD, 0x00, 0x00, 0xDD, 0x00, 0x00, 0xDD, 0x00, 0x00, 0xDD, 0x00, 0x00,
0xDD, 0x00, 0x00, 0xDD, 0x00, 0x00, 0xDD, 0x00, 0x00, 0xDD, 0x00, 0x00, 0xDE, 0x00, 0x00, 0xDE, 0x00, 0x00, 0xDE, 0x00,
0x00, 0xDE, 0x00, 0x00, 0xDE, 0x00, 0x00, 0xDE, 0x00, 0x00, 0xDE, 0x00, 0x00, 0xDE, 0x00, 0x00, 0xDE, 0x00, 0x00, 0xDF,
0x00, 0x00, 0xDF, 0x00, 0x00, 0xDF, 0x00, 0x00, 0xDF, 0x00, 0x00, 0xDF, 0x00, 0x00, 0xDF, 0x00, 0x00, 0xDF, 0x00, 0x00,
0xDF, 0x00, 0x00, 0xDF, 0x00, 0x00, 0xE0, 0x00, 0x00, 0xE0, 0x00, 0x00, 0xE0, 0x00, 0x00, 0xE0, 0x00, 0x00, 0xE0, 0x00,
0x00, 0xE0, 0x00, 0x00, 0xE0, 0x00, 0x00, 0xE0, 0x00, 0x00, 0xE0, 0x00, 0x00, 0xE0, 0x00, 0x00, 0xE1, 0x00, 0x00, 0xE1,
0x00, 0x00, 0xE1, 0x00, 0x00, 0xE1, 0x00, 0x00, 0xE1, 0x00, 0x00, 0xE1, 0x00, 0x00, 0xE1, 0x00, 0x00, 0xE1, 0x00, 0x00,
0xE1, 0x00, 0x00, 0xE2, 0x00, 0x00, 0xE2, 0x00, 0x00, 0xE2, 0x00, 0x00, 0xE2, 0x00, 0x00, 0xE2, 0x00, 0x00, 0xE2, 0x00,
0x00, 0xE2, 0x00, 0x00, 0xE2, 0x00, 0x00, 0xE2, 0x00, 0x00, 0xE3, 0x00, 0x00, 0xE3, 0x00, 0x00, 0xE3, 0x00, 0x00, 0xE3,
0x00, 0x00, 0xE3, 0x00, 0x00, 0xE3, 0x00, 0x00, 0xE3, 0x00, 0x00, 0xE3, 0x00, 0x00, 0xE3, 0x00, 0x00, 0xE4, 0x00, 0x00,
0xE4, 0x00, 0x00, 0xE4, 0x00, 0x00, 0xE4, 0x00, 0x00, 0xE4, 0x00, 0x00, 0xE4, 0x00, 0x00, 0xE4, 0x00, 0x00, 0xE4, 0x00,
0x00, 0xE4, 0x00, 0x00, 0xE4, 0x00, 0x00, 0xE5, 0x00, 0x00, 0xE5, 0x00, 0x00, 0xE5, 0x00, 0x00, 0xE5, 0x00, 0x00, 0xE5,
0x00, 0x00, 0xE5, 0x00, 0x00, 0xE5, 0x00, 0x00, 0xE5, 0x00, 0x00, 0xE5, 0x00, 0x00, 0xE6, 0x00, 0x00, 0xE6, 0x00, 0x00,
0xE6, 0x00, 0x00, 0xE6, 0x00, 0x00, 0xE6, 0x00, 0x00, 0xE6, 0x00, 0x00, 0xE6, 0x00, 0x00, 0xE7, 0x00, 0x00, 0xE7, 0x00,
0x00, 0xE7, 0x00, 0x00, 0xE7, 0x00, 0x00, 0xE7, 0x00, 0x00, 0xE7, 0x00, 0x00, 0xE8, 0x00, 0x00, 0xE8, 0x00, 0x00, 0xE8,
0x00, 0x00, 0xE8, 0x00, 0x00, 0xE8, 0x00, 0x00, 0xE8, 0x00, 0x00, 0xE9, 0x00, 0x00, 0xE9, 0x00, 0x00, 0xE9, 0x00, 0x00,
0xE9, 0x00, 0x00, 0xE9, 0x00, 0x00, 0xEA, 0x00, 0x00, 0xEA, 0x00, 0x00, 0xEA, 0x00, 0x00, 0xEA, 0x00, 0x00, 0xEA, 0x00,
0x00, 0xEA, 0x00, 0x00, 0xEB, 0x00, 0x00, 0xEB, 0x00, 0x00, 0xEB, 0x00, 0x00, 0xEB, 0x00, 0x00, 0xEB, 0x00, 0x00, 0xEB,
0x00, 0x00, 0xEC, 0x00, 0x00, 0xEC, 0x00, 0x00, 0xEC, 0x00, 0x00, 0xEC, 0x00, 0x00, 0xEC, 0x00, 0x00, 0xED, 0x00, 0x00,
0xED, 0x00, 0x00, 0xED, 0x00, 0x00, 0xED, 0x00, 0x00, 0xED, 0x00, 0x00, 0xED, 0x00, 0x00, 0xEE, 0x00, 0x00, 0xEE, 0x00,
0x00, 0xEE, 0x00, 0x00, 0xEE, 0x00, 0x00, 0xEE, 0x00, 0x00, 0xEE, 0x00, 0x00, 0xEF, 0x00, 0x00, 0xEF, 0x00, 0x00, 0xEF,
0x00, 0x00, 0xEF, 0x00, 0x00, 0xEF, 0x00, 0x00, 0xEF, 0x00, 0x00, 0xF0, 0x00, 0x00, 0xF0, 0x00, 0x00, 0xF0, 0x00, 0x00,
0xF0, 0x00, 0x00, 0xF0, 0x00, 0x00, 0xF0, 0x00, 0x00, 0xF1, 0x00, 0x00, 0xF1, 0x00, 0x00, 0xF1, 0x00, 0x00, 0xF1, 0x00,
0x00, 0xF1, 0x00, 0x00, 0xF2, 0x00, 0x00, 0xF2, 0x00, 0x00, 0xF2, 0x00, 0x00, 0xF2, 0x00, 0x00, 0xF2, 0x00, 0x00, 0xF2,
0x00, 0x00, 0xF3, 0x00, 0x00, 0xF3, 0x00, 0x00, 0xF3, 0x00, 0x00, 0xF3, 0x00, 0x00, 0xF3, 0x00, 0x00, 0xF3, 0x00, 0x00,
0xF4, 0x00, 0x00, 0xF4, 0x00, 0x00, 0xF4, 0x00, 0x00, 0xF4, 0x00, 0x00, 0xF4, 0x00, 0x00, 0xF4, 0x00, 0x00, 0xF5, 0x00,
0x00, 0xF5, 0x00, 0x00, 0xF5, 0x00, 0x00, 0xF5, 0x00, 0x00, 0xF5, 0x00, 0x00, 0xF5, 0x00, 0x00, 0xF6, 0x00, 0x00, 0xF6,
0x00, 0x00, 0xF6, 0x00, 0x00, 0xF6, 0x00, 0x00, 0xF6, 0x00, 0x00, 0xF6, 0x00, 0x00, 0xF7, 0x00, 0x00, 0xF7, 0x00, 0x00,
0xF7, 0x00, 0x00, 0xF7, 0x00, 0x00, 0xF7, 0x00, 0x00, 0xF7, 0x00, 0x00, 0xF8, 0x00, 0x00, 0xF8, 0x00, 0x00, 0xF8, 0x00,
0x00, 0xF8, 0x00, 0x00, 0xF8, 0x00, 0x00, 0xF8, 0x00, 0x00, 0xF9, 0x00, 0x00, 0xF9, 0x00, 0x00, 0xF9, 0x00, 0x00, 0xF9,
0x00, 0x00, 0xF9, 0x00, 0x00, 0xF9, 0x00, 0x00, 0xFA, 0x00, 0x00, 0xFA, 0x00, 0x00, 0xFA, 0x00, 0x00, 0xFA, 0x00, 0x00,
0xFA, 0x00, 0x00, 0xFA, 0x00, 0x00, 0xFB, 0x00, 0x00, 0xFB, 0x00, 0x00, 0xFB, 0x00, 0x00, 0xFB, 0x00, 0x00, 0xFB, 0x00,
0x00, 0xFB, 0x00, 0x00, 0xFC, 0x00, 0x00, 0xFC, 0x00, 0x00, 0xFC, 0x00, 0x00, 0xFC, 0x00, 0x00, 0xFC, 0x00, 0x00, 0xFC,
0x00, 0x00, 0xFD, 0x00, 0x00, 0xFD, 0x00, 0x00, 0xFD, 0x00, 0x00, 0xFD, 0x00, 0x00, 0xFD, 0x00, 0x00, 0xFD, 0x00, 0x00,
0xFE, 0x00, 0x00, 0xFE, 0x00, 0x00, 0xFE, 0x00, 0x00, 0xFE, 0x00, 0x00, 0xFE, 0x00, 0x00, 0xFE, 0x00, 0x00, 0xFF, 0x00,
0x00, 0xFF, 0x00, 0x00, 0xFF, 0x00, 0x00, 0xFF, 0x00, 0x00, 0xFF, 0x00, 0x00, 0xFF, 0x00, 0x01, 0x00, 0x00, 0x01, 0x00,
0x00, 0x01, 0x00, 0x00, 0x01, 0x00, 0x00, 0x01, 0x00, 0x00, 0x01, 0x00, 0x00, 0x01, 0x01, 0x00, 0x01, 0x01, 0x00, 0x01,
0x01, 0x00, 0x01, 0x01, 0x00, 0x01, 0x01, 0x00, 0x01, 0x01, 0x00, 0x01, 0x01, 0x00, 0x01, 0x02, 0x00, 0x01, 0x02, 0x00,
0x01, 0x02, 0x00, 0x01, 0x02, 0x00, 0x01, 0x02, 0x00, 0x01, 0x02, 0x00, 0x01, 0x03, 0x00, 0x01, 0x03, 0x00, 0x01, 0x03,
0x00, 0x01, 0x03, 0x00, 0x01, 0x03, 0x00, 0x01, 0x03, 0x00, 0x01, 0x04, 0x00, 0x01, 0x04, 0x00, 0x01, 0x04, 0x00, 0x01,
0x04, 0x00, 0x01, 0x04, 0x00, 0x01, 0x04, 0x00, 0x01, 0x05, 0x00, 0x01, 0x05, 0x00, 0x01, 0x05, 0x00, 0x01, 0x05, 0x00,
0x01, 0x05, 0x00, 0x01, 0x05, 0x00, 0x01, 0x06, 0x00, 0x01, 0x06, 0x00, 0x01, 0x06, 0x00, 0x01, 0x06, 0x00, 0x01, 0x06,
0x00, 0x01, 0x06, 0x00, 0x01, 0x06, 0x00, 0x01, 0x07, 0x00, 0x01, 0x07, 0x00, 0x01, 0x07, 0x00, 0x01, 0x07, 0x00, 0x01,
0x07, 0x00, 0x01, 0x07, 0x00, 0x01, 0x08, 0x00, 0x01, 0x08, 0x00, 0x01, 0x08, 0x00, 0x01, 0x08, 0x00, 0x01, 0x08, 0x00,
0x01, 0x08, 0x00, 0x01, 0x09, 0x00, 0x01, 0x09, 0x00, 0x01, 0x09, 0x00, 0x01, 0x09, 0x00, 0x01, 0x09, 0x00, 0x01, 0x09,
0x00, 0x01, 0x09, 0x00, 0x01, 0x0A, 0x00, 0x01, 0x0A, 0x00, 0x01, 0x0A, 0x00, 0x01, 0x0A, 0x00, 0x01, 0x0A, 0x00, 0x01,
0x0A, 0x00, 0x01, 0x0B, 0x00, 0x01, 0x0B, 0x00, 0x01, 0x0B, 0x00, 0x01, 0x0B, 0x00, 0x01, 0x0B, 0x00, 0x01, 0x0B, 0x00,
0x01, 0x0B, 0x00, 0x01, 0x0C, 0x00, 0x01, 0x0C, 0x00, 0x01, 0x0C, 0x00, 0x01, 0x0C, 0x00, 0x01, 0x0C, 0x00, 0x01, 0x0C,
0x00, 0x01, 0x0D, 0x00, 0x01, 0x0D, 0x00, 0x01, 0x0D, 0x00, 0x01, 0x0D, 0x00, 0x01, 0x0D, 0x00, 0x01, 0x0D, 0x00, 0x01,
0x0D, 0x00, 0x01, 0x0E, 0x00, 0x01, 0x0E, 0x00, 0x01, 0x0E, 0x00, 0x01, 0x0E, 0x00, 0x01, 0x0E, 0x00, 0x01, 0x0E, 0x00,
0x01, 0x0F, 0x00, 0x01, 0x0F, 0x00, 0x01, 0x0F, 0x00, 0x01, 0x0F, 0x00, 0x01, 0x0F, 0x00, 0x01, 0x0F, 0x00, 0x01, 0x0F,
0x00, 0x01, 0x10, 0x00, 0x01, 0x10, 0x00, 0x01, 0x10, 0x00, 0x01, 0x10, 0x00, 0x01, 0x10, 0x00, 0x01, 0x10, 0x00, 0x01,
0x11, 0x00, 0x01, 0x11, 0x00, 0x01, 0x11, 0x00, 0x01, 0x11, 0x00, 0x01, 0x11, 0x00, 0x01, 0x12, 0x00, 0x01, 0x12, 0x00,
0x01, 0x12, 0x00, 0x01, 0x12, 0x00, 0x01, 0x12, 0x00, 0x01, 0x13, 0x00, 0x01, 0x13, 0x00, 0x01, 0x13, 0x00, 0x01, 0x13,
0x00, 0x01, 0x14, 0x00, 0x01, 0x14, 0x00, 0x01, 0x14, 0x00, 0x01, 0x14, 0x00, 0x01, 0x14, 0x00, 0x01, 0x15, 0x00, 0x01,
0x15, 0x00, 0x01, 0x15, 0x00, 0x01, 0x15, 0x00, 0x01, 0x16, 0x00, 0x01, 0x16, 0x00, 0x01, 0x16, 0x00, 0x01, 0x16, 0x00,
0x01, 0x16, 0x00, 0x01, 0x17, 0x00, 0x01, 0x17, 0x00, 0x01, 0x17, 0x00, 0x01, 0x17, 0x00, 0x01, 0x18, 0x00, 0x01, 0x18,
0x00, 0x01, 0x18, 0x00, 0x01, 0x18, 0x00, 0x01, 0x18, 0x00, 0x01, 0x19, 0x00, 0x01, 0x19, 0x00, 0x01, 0x19, 0x00, 0x01,
0x19, 0x00, 0x01, 0x1A, 0x00, 0x01, 0x1A, 0x00, 0x01, 0x1A, 0x00, 0x01, 0x1A, 0x00, 0x01, 0x1A, 0x00, 0x01, 0x1B, 0x00,
0x01, 0x1B, 0x00, 0x01, 0x1B, 0x00, 0x01, 0x1B, 0x00, 0x01, 0x1C, 0x00, 0x01, 0x1C, 0x00, 0x01, 0x1C, 0x00, 0x01, 0x1C,
0x00, 0x01, 0x1C, 0x00, 0x01, 0x1D, 0x00, 0x01, 0x1D, 0x00, 0x01, 0x1D, 0x00, 0x01, 0x1D, 0x00, 0x01, 0x1D, 0x00, 0x01,
0x1E, 0x00, 0x01, 0x1E, 0x00, 0x01, 0x1E, 0x00, 0x01, 0x1E, 0x00, 0x01, 0x1F, 0x00, 0x01, 0x1F, 0x00, 0x01, 0x1F, 0x00,
0x01, 0x1F, 0x00, 0x01, 0x1F, 0x00, 0x01, 0x20, 0x00, 0x01, 0x20, 0x00, 0x01, 0x20, 0x00, 0x01, 0x20, 0x00, 0x01, 0x21,
0x00, 0x01, 0x21, 0x00, 0x01, 0x21, 0x00, 0x01, 0x21, 0x00, 0x01, 0x21, 0x00, 0x01, 0x22, 0x00, 0x01, 0x22, 0x00, 0x01,
0x22, 0x00, 0x01, 0x22, 0x00, 0x01, 0x22, 0x00, 0x01, 0x23, 0x00, 0x01, 0x23, 0x00, 0x01, 0x23, 0x00, 0x01, 0x23, 0x00,
0x01, 0x24, 0x00, 0x01, 0x24, 0x00, 0x01, 0x24, 0x00, 0x01, 0x24, 0x00, 0x01, 0x24, 0x00, 0x01, 0x25, 0x00, 0x01, 0x25,
0x00, 0x01, 0x25, 0x00, 0x01, 0x25, 0x00, 0x01, 0x25, 0x00, 0x01, 0x26, 0x00, 0x01, 0x26, 0x00, 0x01, 0x26, 0x00, 0x01,
0x26, 0x00, 0x01, 0x26, 0x00, 0x01, 0x27, 0x00, 0x01, 0x27, 0x00, 0x01, 0x27, 0x00, 0x01, 0x27, 0x00, 0x01, 0x28, 0x00,
0x01, 0x28, 0x00, 0x01, 0x28, 0x00, 0x01, 0x28, 0x00, 0x01, 0x28, 0x00, 0x01, 0x29, 0x00, 0x01, 0x29, 0x00, 0x01, 0x29,
0x00, 0x01, 0x29, 0x00, 0x01, 0x29, 0x00, 0x01, 0x2A, 0x00, 0x01, 0x2A, 0x00, 0x01, 0x2A, 0x00, 0x01, 0x2A, 0x00, 0x01,
0x2B, 0x00, 0x01, 0x2B, 0x00, 0x01, 0x2B, 0x00, 0x01, 0x2B, 0x00, 0x01, 0x2B, 0x00, 0x01, 0x2C, 0x00, 0x01, 0x2C, 0x00,
0x01, 0x2C, 0x00, 0x01, 0x2C, 0x00, 0x01, 0x2C, 0x00, 0x01, 0x2D, 0x00, 0x01, 0x2D, 0x00, 0x01, 0x2D, 0x00, 0x01, 0x2D,
0x00, 0x01, 0x2D, 0x00, 0x01, 0x2E, 0x00, 0x01, 0x2E, 0x00, 0x01, 0x2E, 0x00, 0x01, 0x2E, 0x00, 0x01, 0x2E, 0x00, 0x01,
0x2F, 0x00, 0x01, 0x2F, 0x00, 0x01, 0x2F, 0x00, 0x01, 0x2F, 0x00, 0x01, 0x30, 0x00, 0x01, 0x30, 0x00, 0x01, 0x30, 0x00,
0x01, 0x30, 0x00, 0x01, 0x30, 0x00, 0x01, 0x31, 0x00, 0x01, 0x31, 0x00, 0x01, 0x31, 0x00, 0x01, 0x31, 0x00, 0x01, 0x31,
0x00, 0x01, 0x32, 0x00, 0x01, 0x32, 0x00, 0x01, 0x32, 0x00, 0x01, 0x32, 0x00, 0x01, 0x32, 0x00, 0x01, 0x33, 0x00, 0x01,
0x33, 0x00, 0x01, 0x33, 0x00, 0x01, 0x33, 0x00, 0x01, 0x33, 0x00, 0x01, 0x34, 0x00, 0x01, 0x34, 0x00, 0x01, 0x34, 0x00,
0x01, 0x34, 0x00, 0x01, 0x34, 0x00, 0x01, 0x35, 0x00, 0x01, 0x35, 0x00, 0x01, 0x35, 0x00, 0x01, 0x35, 0x00, 0x01, 0x35,
0x00, 0x01, 0x36, 0x00, 0x01, 0x36, 0x00, 0x01, 0x36, 0x00, 0x01, 0x36, 0x00, 0x01, 0x36, 0x00, 0x01, 0x37, 0x00, 0x01,
0x37, 0x00, 0x01, 0x37, 0x00, 0x01, 0x37, 0x00, 0x01, 0x38, 0x00, 0x01, 0x38, 0x00, 0x01, 0x38, 0x00, 0x01, 0x38, 0x00,
0x01, 0x38, 0x00, 0x01, 0x39, 0x00, 0x01, 0x39, 0x00, 0x01, 0x39, 0x00, 0x01, 0x39, 0x00, 0x01, 0x39, 0x00, 0x01, 0x3A,
0x00, 0x01, 0x3A, 0x00, 0x01, 0x3A, 0x00, 0x01, 0x3A, 0x00, 0x01, 0x3A, 0x00, 0x01, 0x3B, 0x00, 0x01, 0x3B, 0x00, 0x01,
0x3B, 0x00, 0x01, 0x3B, 0x00, 0x01, 0x3B, 0x00, 0x01, 0x3C, 0x00, 0x01, 0x3C, 0x00, 0x01, 0x3C, 0x00, 0x01, 0x3C, 0x00,
0x01, 0x3C, 0x00, 0x01, 0x3D, 0x00, 0x01, 0x3D, 0x00, 0x01, 0x3D, 0x00, 0x01, 0x3D, 0x00, 0x01, 0x3D, 0x00, 0x01, 0x3E,
0x00, 0x01, 0x3E, 0x00, 0x01, 0x3E, 0x00, 0x01, 0x3E, 0x00, 0x01, 0x3E, 0x00, 0x01, 0x3F, 0x00, 0x01, 0x3F, 0x00, 0x01,
0x3F, 0x00, 0x01, 0x3F, 0x00, 0x01, 0x3F, 0x00, 0x01, 0x40, 0x00, 0x01, 0x40, 0x00, 0x01, 0x40, 0x00, 0x01, 0x40, 0x00,
0x01, 0x40, 0x00, 0x01, 0x41, 0x00, 0x01, 0x41, 0x00, 0x01, 0x41, 0x00, 0x01, 0x41, 0x00, 0x01, 0x41, 0x00, 0x01, 0x41,
0x00, 0x01, 0x42, 0x00, 0x01, 0x42, 0x00, 0x01, 0x42, 0x00, 0x01, 0x42, 0x00, 0x01, 0x42, 0x00, 0x01, 0x43, 0x00, 0x01,
0x43, 0x00, 0x01, 0x43, 0x00, 0x01, 0x43, 0x00, 0x01, 0x43, 0x00, 0x01, 0x44, 0x00, 0x01, 0x44, 0x00, 0x01, 0x44, 0x00,
0x01, 0x44, 0x00, 0x01, 0x44, 0x00, 0x01, 0x45, 0x00, 0x01, 0x45, 0x00, 0x01, 0x45, 0x00, 0x01, 0x45, 0x00, 0x01, 0x45,
0x00, 0x01, 0x46, 0x00, 0x01, 0x46, 0x00, 0x01, 0x46, 0x00, 0x01, 0x46, 0x00, 0x01, 0x46, 0x00, 0x01, 0x47, 0x00, 0x01,
0x47, 0x00, 0x01, 0x47, 0x00, 0x01, 0x47, 0x00, 0x01, 0x47, 0x00, 0x01, 0x48, 0x00, 0x01, 0x48, 0x00, 0x01, 0x48, 0x00};

ushort read_mca_port(short offset);
void write_mca_port(ushort offset, ushort value);
bool Mca_getCalibratedToday(void);
char SetAmuletLine(ushort x1, ushort y1, ushort x2, ushort y2, ulong rgb, uchar weight);
void service_watchdog(void);
void Mca_dedupPeaks(PEAK detectpeak[], short secondregionstart, int numOfChannels);
void Mca_testDetectorChange(char *serialnum, short threshold, short hv, short installed, int num_of_channels);
static void MCA_set700WellRelay(bool Well);
char SetAmuletString(unsigned char ucIndex, char *pcValue);
void Mca_switchDetector(short newDetector);
static ulong Mca_spectraCorrection[4096];
static float Mca_keVCorrection[4096];
static int Mca_numOfChannelsCorrection;
extern CURRENT current;

//Modified
int Mca_setup(void){
	int iReturn;
	ushort detector;
	char acCapMcaIDStr[7];
	
	DB_PopWellTime();

	DB_PopDetector(&detectorMirror, DET_WELL);
	DB_PopDetector(&detectorProbe700Mirror, DET_PROBE700);
	DB_PopDetector(&detectorWell700Mirror, DET_WELL700);

	DB_PopAutoCal(&wellAutoCalMirror, DET_WELL);
	DB_PopAutoCal(&betaAutoCalMirror, DET_BETA);
	DB_PopAutoCal(&probe700AutoCalMirror, DET_PROBE700);
	DB_PopAutoCal(&drilledprobe700AutoCalMirror, DET_DRILLEDPROBE700);
	DB_PopAutoCal(&well700AutoCalMirror, DET_WELL700);
	DB_PopAutoCal(&emptyAutoCalMirror, 999999);

	DB_PopBackground(&wellBkgMirror, DET_WELL);
	DB_PopBackground(&betaBkgMirror, DET_BETA);
	DB_PopBackground(&probe700BkgMirror, DET_PROBE700);
	DB_PopBackground(&drilledprobe700BkgMirror, DET_DRILLEDPROBE700);
	DB_PopBackground(&well700BkgMirror, DET_WELL700);
	DB_PopBackground(&emptyBkgMirror, 999999);

	strncpy(acCapMcaIDStr, detectorMirror.snum, 6);
	acCapMcaIDStr[6] = 0;
	Mca_testDetectorChange(acCapMcaIDStr, detectorMirror.threshold, detectorMirror.hv, DET_WELL, detectorMirror.num_of_channels);

	strncpy(acCapMcaIDStr, detectorProbe700Mirror.snum, 6);
	acCapMcaIDStr[6] = 0;
	Mca_testDetectorChange(acCapMcaIDStr, detectorProbe700Mirror.threshold, detectorProbe700Mirror.hv, DET_PROBE700, detectorProbe700Mirror.num_of_channels);
	Mca_testDetectorChange(acCapMcaIDStr, detectorProbe700Mirror.threshold, detectorProbe700Mirror.hv, DET_DRILLEDPROBE700, detectorProbe700Mirror.num_of_channels);

	strncpy(acCapMcaIDStr, detectorWell700Mirror.snum, 6);
	acCapMcaIDStr[6] = 0;
	Mca_testDetectorChange(acCapMcaIDStr, detectorWell700Mirror.threshold, detectorWell700Mirror.hv, DET_WELL700, detectorWell700Mirror.num_of_channels);

	// Test if MCA Board is installed
	if((McaReadID()==0x21) || (McaReadID()==0x31)){
		McaReadData(); // Read Mca data structure from i2c EEPROM on MCA board
		acCapMcaIDStr[6] = 0;
		strncpy(acCapMcaIDStr, mca_data.name, 6);

		// Check if MCA board has valid offset and zero
		if(strcmp(acCapMcaIDStr, "CapMca") == 0){
			if(McaReadID() == 0x21){
				detector = MCAGetDetector();

#ifdef ATTACHWELL
				if(ATTACHWELL) detector = 1;
#else
				if(current.demo_mode) detector = 1;
#endif
				if(detector == 1){
#ifdef USE_T_WELL_AS_PROBE
					detector = DET_PROBE700;
					activeAutoCalMirror = &probe700AutoCalMirror;
					activeBkgMirror = &probe700BkgMirror;
#else
					activeAutoCalMirror = &wellAutoCalMirror;
					activeBkgMirror = &wellBkgMirror;
					detectorMirror.installed = detector;
#endif
				}else if(detector == 2){
					activeAutoCalMirror = &betaAutoCalMirror;
					activeBkgMirror = &betaBkgMirror;
					detectorMirror.installed = detector;
				}else{
					detector = 6;
					activeAutoCalMirror = &emptyAutoCalMirror;
					activeBkgMirror = &emptyBkgMirror;
				}
#ifdef USE_T_WELL_AS_PROBE
				activeDetectorMirror = &detectorProbe700Mirror;
#else
				activeDetectorMirror = &detectorMirror;
#endif
			}else{
				if(detectorProbe700Mirror.installed != DET_EMPTY){
					detector = detectorProbe700Mirror.installed;
					if(detector == DET_PROBE700){
						activeAutoCalMirror = &probe700AutoCalMirror;
						activeBkgMirror = &probe700BkgMirror;
					}else{
						activeAutoCalMirror = &drilledprobe700AutoCalMirror;
						activeBkgMirror = &drilledprobe700BkgMirror;
					}
					activeDetectorMirror = &detectorProbe700Mirror;
				}else{
					detector = detectorWell700Mirror.installed;
					activeAutoCalMirror = &well700AutoCalMirror;
					activeBkgMirror = &well700BkgMirror;
					activeDetectorMirror = &detectorWell700Mirror;
				}
			}

			if((detector == 1) || (detector == 2) || (detector == 3) || (detector == 4) || (detector == 5)){
				Mca_installedDetector = detector;

				// Load DSP Program
				iReturn = McaLoadDSP();
				if(iReturn==0){
					MCASetHV(activeDetectorMirror->hv, TRUE);
					MCASetThreshold(activeDetectorMirror->threshold);
					Mca_setZeroOpAmpOffset(activeAutoCalMirror->zeroopampoffset);
					Mca_setGain(activeAutoCalMirror->gain1, activeAutoCalMirror->gain2);

					Mca_setAcquireTime(60);
					Mca_setTimeType(COUNT_LIVE);

#ifndef USE_T_WELL_AS_PROBE
					if(activeDetectorMirror == &detectorWell700Mirror) MCA_set700WellRelay(TRUE);
					else if(activeDetectorMirror == &detectorProbe700Mirror) MCA_set700WellRelay(FALSE);
#endif
				}else{
					Mca_installedDetector = DET_EMPTY;
				}
			}else if(detector == 0){
				iReturn = ERR_MCA_DETECTOR_NOT_ATTACHED;
				Mca_installedDetector = DET_EMPTY;
			}
			else{
				iReturn = ERR_MCA_UNKNOWN_DETECTOR;
				Mca_installedDetector = DET_EMPTY;
			}
		}else{
			// Return Error Code for unprogrammed MCA Board
			iReturn = ERR_MCA_EE_SIG_MISSING;
			Mca_installedDetector = DET_EMPTY;
		}
	}else{
		// Return Error Code for Missing MCA Board
		iReturn = ERR_MCA_NOT_INSTALLED;
		Mca_installedDetector = DET_EMPTY;
	}

	if(Mca_installedDetector != DET_EMPTY){
		fullSpecEffMirror = DB_ReadFullSpecEff(Mca_installedDetector);
	}else{
		fullSpecEffMirror = 0;
	}

	return iReturn;
}

int Mca_setup_demo(void){
	Mca_installedDetector = DET_WELL;
	DB_PopDetector(&detectorMirror, Mca_installedDetector);
	return 0;
}

int Mca_setup_none(void){
	Mca_installedDetector = DET_EMPTY;
	return 0;
}

static ushort McaReadID(void){
	ushort usReturn;

	usReturn = read_mca_port(DSPID);
	usReturn = 0x00FF & usReturn;

	return usReturn;
}

static void McaReadData(void){
	eeread((uchar *) &mca_data, 0, sizeof(mca_data), EE_MCA);
}

//static void McaReadBoardData(void){
//	eeread((uchar *) &board, 30, sizeof(board), EE_MCA);
//}

static int McaLoadDSP(void){
	int i, iReturn, iProgLen;
	unsigned short int *uspValue;
	unsigned short int usValue;
	unsigned short int usMCAFlag;
	unsigned char ucOK;
	ulong onesec;

	iReturn = 0;
	//reset DSP then release
	usMCAFlag = 0;
	write_mca_port(DSPSYSCONTROL, usMCAFlag);
	delay_msec(2);
	usMCAFlag = 0x40;
	write_mca_port(DSPSYSCONTROL, usMCAFlag);

	MCASetAddress(1);

	iProgLen = sizeof(m_ucDspCode);
	iProgLen /= 3;

	// Load Program into DSP
	for(i=1; i<iProgLen; i++){
		uspValue = (unsigned short int *) (&(m_ucDspCode[3*i]));
		usValue = m_ucDspCode[(3*i) + 2];
		MCAWriteData(*uspValue);
		MCAWriteData(usValue);
	}

	// Check program was written correctly
	ucOK = 0xff;
	MCASetAddress(1);
	for(i=1; i<iProgLen; i++){
		uspValue = (unsigned short int *) (&(m_ucDspCode[3*i]));
		usValue = m_ucDspCode[(3*i) + 2];

		if(MCAReadData()==(*uspValue)){
			if(MCAReadData()!=usValue){
				ucOK = 0;
				break;
			}
		}else{
			ucOK = 0;
			break;
		}
	}

	if(ucOK){
		// Start DSP by writing to first code
		MCASetAddress(0);
		uspValue = (unsigned short int *) (&(m_ucDspCode[0]));
		usValue = m_ucDspCode[2];
		MCAWriteData(*uspValue);
		MCAWriteData(usValue);

		onesec = g_csec_tstamp + 100;
		do{
			MCASetAddress(SW_CONTROL_REG);
			usValue = MCAReadData();
			service_watchdog();
		}while((usValue!=0x8000) && (onesec > g_csec_tstamp));

		if((usValue & 0x8000)==0x8000){
			iReturn = MCAClearChannels(1);
			if(!iReturn){
				MCASetAddress(SW_CONTROL_REG);
				usValue = MCAReadData();
				if(usValue!=0x8001){
					// DSP is not running
					iReturn = ERR_MCA_PROG_NOT_RUNNING;
				}
			}else{
				iReturn = ERR_MCA_PROG_NOT_RUNNING;
			}
		}else{
			iReturn = ERR_MCA_PROG_NOT_RUNNING;
		}
	}else{
		// Data Write failed
		iReturn = ERR_MCA_PROG_LOAD_FAILURE;
	}
	return iReturn;
}

void MCASetAddress(short int sAddress){
	write_mca_port(DSPADDRESS, sAddress);
}

static void MCAWriteData(unsigned short int usValue){
	write_mca_port(DSPRW, usValue);
}

unsigned short int MCAReadData(void){
	unsigned short int usReturn;

	usReturn = read_mca_port(DSPRW);
	return usReturn;
}

static int MCAClearChannels(uchar waitforfinish){
	Mca_stopAcquisition();
	MCASetAddress(SW_CONTROL_REG);
	MCAWriteData(1);

	if(waitforfinish){
		return MCAWaitForFinish();
	}else{
		return 0;
	}
}

void Mca_stopAcquisition(void){
	unsigned short ctl;

	MCASetAddress(SW_CONTROL_REG);
	ctl = MCAReadData();

	ctl &= 0x4000; // Preserve Max Exceeded bit (bit 14)

	MCASetAddress(SW_CONTROL_REG);
	MCAWriteData(ctl);
}

void Mca_setTimeType(short timetype){
	timeType = timetype;
}

short Mca_getTimeType(void){
	return timeType;
}

//Modified
void Mca_startAcquisition(void){ //COUNT_REAL or COUNT_LIVE
	short index;

	Mca_stopAcquisition();
	MCAClearChannels(1);
	MCASetAddress(SW_CONTROL_REG);
	if(timeType == COUNT_REAL) MCAWriteData(0x52);
	else MCAWriteData(0x53);
	spec_meas.num_of_channels = activeDetectorMirror->num_of_channels;
	spec_meas.normal_factor = .51;
	spec_meas.max_count = 500;
	for(index=0; index<spec_meas.num_of_channels; index++) spec_meas.spectrum[index]=0;
}

//void Mca_setDebugOffset(short offset){
//	debug_offset = offset;
//}

//Modified
void Mca_getSpectrum(void){
	short index, jndex, kndex, bundlecount;
	ulong value;
	ulong acc;
	long max, max_count;
	float normalmax, normal_factor;
	float totalcounts, fMeasureSec;
	//bool flgDoneTrigger;
	//char timetype[5], errorOutput[100];
	//ushort lo, hi;

	max = 0;
	MCASetAddress(0x4000);
	for(index=0;index<8192;index++) spec_meas.raw[index] = MCAReadData();

	MCACountingFinished();
	MCAGetTime();
	MCAMaxCountsExceeded();

	//flgDoneTrigger = FALSE;
	fMeasureSec = measureSec;
	if(timeType == COUNT_REAL){
		if(spec_meas.real_time > fMeasureSec + 1){
			if(!spec_meas.done_flag){
				spec_meas.done_flag = TRUE;
				//flgDoneTrigger = TRUE;
			}
		}
	}else{
		if(spec_meas.live_time > fMeasureSec + 1){
			if(!spec_meas.done_flag){
				spec_meas.done_flag = TRUE;
				//flgDoneTrigger = TRUE;
			}
		}
	}

	//if(flgDoneTrigger){
	//	MCASetAddress(MEAS_TIME_LOW_REG);
	//	lo = MCAReadData();
	//	hi = MCAReadData();
	//	if(timeType == COUNT_REAL) strcpy(timetype, "Real");
	//	else strcpy(timetype, "Live");
	//	sprintf(errorOutput, "Real: %.2f, Dead: %.2f\nLive: %.2f, CntDown:%.2f\nHi: %u, Lo: %u\nMeasure:%d (%s)",spec_meas.real_time, spec_meas.dead_time, spec_meas.live_time, spec_meas.countdown_time, hi, lo, measureSec, timetype);
	//	Amulet_DisplayError("Well Measurement", errorOutput, FALSE);
	//}

	totalcounts = 0.0;
	kndex = 0;
	bundlecount = 4096 / spec_meas.num_of_channels;
	for(index=0; index<spec_meas.num_of_channels; index++){
		acc = 0;
		for(jndex=0; jndex<bundlecount; jndex++){
			value = spec_meas.raw[kndex++];
			value <<= 16;
			value += spec_meas.raw[kndex++];
			acc += value;
		}
		totalcounts += acc;
		spec_meas.spectrum[index] = acc;
		if(acc > max) max = acc;
	}

	/*if(debug_offset != 0){
		if(debug_offset > 0){
			for(index=0; index<256; index++){
				if((255-index-debug_offset) >= 0) spec_meas.spectrum[255 - index] = spec_meas.spectrum[255 - index - debug_offset];
				else spec_meas.spectrum[255-index] = 0;
			}
		}else{
			for(index=0; index<256; index++){
				if((index-debug_offset) <= 255) spec_meas.spectrum[index] = spec_meas.spectrum[index - debug_offset];
				else spec_meas.spectrum[index] = 0;
			}
		}
	}*/

	normalmax = max;
	normalmax *= spec_meas.normal_factor;

	if(normalmax > 255){
		max_count = spec_meas.max_count;
		do{
			max_count*=2;
			normal_factor = 255;
			normal_factor /= max_count;
			normalmax = max;
			normalmax *= normal_factor;

		}while(normalmax > 255);

		spec_meas.normal_factor = normal_factor;
		spec_meas.max_count = max_count;
	}

	for(index=0; index<spec_meas.num_of_channels; index++){
		normalmax = spec_meas.spectrum[index];
		normalmax *= spec_meas.normal_factor;
		spec_meas.display[index] = (uchar)normalmax;
	}

	spec_meas.peaklevel = max;

	spec_meas.averagecpm = totalcounts;
	spec_meas.averagecpm /= spec_meas.live_time;
	spec_meas.averagecpm *= 60.0;
}

static ushort MCAGetDetector(void){
	ushort returnvalue;

	returnvalue = read_mca_port(DSPSYSCONTROL);
	returnvalue >>= 1;
	returnvalue = ~returnvalue;
	returnvalue &= 0x03;

	return returnvalue; // 0 = No detector, 1 = Well, 2 = Beta, 3 = Error
}

//Modified
int MCASetHV(short value, bool state){
	ushort ctl;
	ushort data;
	int returnstate;
	ushort origvalue;
	int temp_value;
	short corrected_value;

	Mca_stopAcquisition();
	MCASetAddress(MEAS_TIME_LOW_REG);	// Preserve MEAS_TIME_LOW_REG
	origvalue = MCAReadData();			// Preserve MEAS_TIME_LOW_REG

	if(value<0) corrected_value = 0;
	else if(value>4095) corrected_value = 4095;
	else corrected_value = value;

	if(state){
		// Turn On
		ctl = read_mca_port(DSPSYSCONTROL);
		ctl |= 0x80;
		write_mca_port(DSPSYSCONTROL, ctl);
		delay_msec(1);

		temp_value = HVValue;
		while(temp_value != corrected_value){
			if(temp_value < corrected_value){
				// Raise HV
				if((corrected_value - temp_value) > 100) temp_value += 100;
				else temp_value = corrected_value;
			}else if(temp_value > corrected_value){
				// Lower HV
				if((temp_value - corrected_value) > 100) temp_value -= 100;
				else temp_value = corrected_value;
			}

			MCASetAddress(DAC_DATA_REG);
			data = temp_value;
			data |= WRITE_HV;
			MCAWriteData(data);

			MCASetAddress(SW_CONTROL_REG);
			MCAWriteData(ZHT_DAC);
			returnstate = MCAWaitForFinish();

			delay_msec(5);
		}
		HVValue = corrected_value;
		HVState = TRUE;
		// Ramp to V
	}else{
		// Ramp to Zero V
		temp_value = HVValue;
		corrected_value = 0;
		while(temp_value != corrected_value){
			if((temp_value - corrected_value) > 100) temp_value -= 100;
			else temp_value = corrected_value;

			MCASetAddress(DAC_DATA_REG);
			data = temp_value;
			data |= WRITE_HV;
			MCAWriteData(data);

			MCASetAddress(SW_CONTROL_REG);
			MCAWriteData(ZHT_DAC);
			returnstate = MCAWaitForFinish();

			delay_msec(5);
		}

		// Turn Off
		ctl = read_mca_port(DSPSYSCONTROL);
		ctl &= 0x7F;
		write_mca_port(DSPSYSCONTROL, ctl);

		HVValue = 0;
		HVState = FALSE;
	}

	MCASetAddress(MEAS_TIME_LOW_REG);	// Preserve MEAS_TIME_LOW_REG
	MCAWriteData(origvalue);			// Preserve MEAS_TIME_LOW_REG

	return returnstate;
}

short Mca_getHVValue(void){
	return HVValue;
}

bool Mca_getHVState(void){
	return HVState;
}

int MCASetThreshold(short value){
	short dacvalue;
	ushort data;
	ushort origvalue;
	int returnvalue;

	Threshold = value;
	Mca_stopAcquisition();
	dacvalue = value + mca_data.thresh_off;
	if(dacvalue<0) dacvalue = 0;
	else if(dacvalue>4095) dacvalue=4095;

	MCASetAddress(MEAS_TIME_LOW_REG);	// Preserve MEAS_TIME_LOW_REG
	origvalue = MCAReadData();			// Preserve MEAS_TIME_LOW_REG

	MCASetAddress(DAC_DATA_REG);
	data = dacvalue | WRITE_THRESH;
	MCAWriteData(data);
	MCASetAddress(SW_CONTROL_REG);
	MCAWriteData(ZHT_DAC);
	returnvalue = MCAWaitForFinish();

	MCASetAddress(MEAS_TIME_LOW_REG);	// Preserve MEAS_TIME_LOW_REG
	MCAWriteData(origvalue);			// Preserve MEAS_TIME_LOW_REG
	return returnvalue;
}

short Mca_getThreshold(void){
	return Threshold;
}

short Mca_getZeroOpAmpOffset(void){
	return zeroOffset;
}

int Mca_setZeroOpAmpOffset(short value){
	short dacvalue;
	ushort data, origvalue;
	int returnvalue;

	Mca_stopAcquisition();
	zeroOffset = value;
	dacvalue = 2048 + value + mca_data.zero_off;

	if(dacvalue<0) dacvalue = 0;
	else if(dacvalue>4095) dacvalue = 4095;

	MCASetAddress(MEAS_TIME_LOW_REG);	// Preserve MEAS_TIME_LOW_REG
	origvalue = MCAReadData();			// Preserve MEAS_TIME_LOW_REG

	MCASetAddress(DAC_DATA_REG);
	data = dacvalue | WRITE_ZERO;
	MCAWriteData(data);
	MCASetAddress(SW_CONTROL_REG);
	MCAWriteData(ZHT_DAC);
	returnvalue = MCAWaitForFinish();

	MCASetAddress(MEAS_TIME_LOW_REG);	// Preserve MEAS_TIME_LOW_REG
	MCAWriteData(origvalue);			// Preserve MEAS_TIME_LOW_REG
	return returnvalue;
}

short Mca_getGain1(void){
	return gainOne;
}

short Mca_getGain2(void){
	return gainTwo;
}

int Mca_setGain(short gain1, short gain2){
	ushort data;
	int returnvalue;
	ushort origvalue;

	returnvalue = 0;
	Mca_stopAcquisition();

	if(gain1<0) data = 0;
	else if(gain1>1023) data = 1023;
	else data = gain1;
	gainOne = data;
	data *= 4;
	data |= WRITE_GAIN_A;

	MCASetAddress(MEAS_TIME_LOW_REG);	// Preserve MEAS_TIME_LOW_REG
	origvalue = MCAReadData();			// Preserve MEAS_TIME_LOW_REG

	MCASetAddress(DAC_DATA_REG);
	MCAWriteData(data);
	MCASetAddress(SW_CONTROL_REG);
	MCAWriteData(GAIN_DAC);
	returnvalue = MCAWaitForFinish();

	MCASetAddress(MEAS_TIME_LOW_REG);	// Preserve MEAS_TIME_LOW_REG
	MCAWriteData(origvalue);			// Preserve MEAS_TIME_LOW_REG

	if(gain2<0) data = 0;
	else if(gain2>1023) data = 1023;
	else data = gain2;
	gainTwo = data;
	data *= 4;
	data |= WRITE_GAIN_B;

	MCASetAddress(MEAS_TIME_LOW_REG);	// Preserve MEAS_TIME_LOW_REG
	origvalue = MCAReadData();			// Preserve MEAS_TIME_LOW_REG

	MCASetAddress(DAC_DATA_REG);
	MCAWriteData(data);
	MCASetAddress(SW_CONTROL_REG);
	MCAWriteData(GAIN_DAC);
	if(!returnvalue) returnvalue = MCAWaitForFinish();
	else MCAWaitForFinish();

	MCASetAddress(MEAS_TIME_LOW_REG);	// Preserve MEAS_TIME_LOW_REG
	MCAWriteData(origvalue);			// Preserve MEAS_TIME_LOW_REG
	return returnvalue;
}

static int MCAWaitForFinish(void){
	ushort ctl;
	ulong twosec;

	twosec = g_csec_tstamp + 200;
	do{
		MCASetAddress(SW_CONTROL_REG);
		ctl = MCAReadData();
		service_watchdog();
	}while(((ctl & 0x8000) == 0) && (twosec > g_csec_tstamp)); // Wait until bit15 is set, this signals that the DSP has finished an operation

	if((ctl & 0x8000) == 0x8000) return 0;
	else return ERR_MCA_COMMAND_TIMEOUT;
}

void MCACalcLinFactors(AUTOCAL *autoCal){
	short index;
	float nominator;
	float denominator;

	if(((autoCal->linmeasured[0])>0.0) && ((autoCal->linmeasured[1])>(autoCal->linmeasured[0])) && ((autoCal->linmeasured[2])>(autoCal->linmeasured[1])) && ((autoCal->linmeasured[3])>(autoCal->linmeasured[2])) && ((autoCal->linmeasured[4])>(autoCal->linmeasured[3]))){
		autoCal->linearityActive = TRUE;

		for(index=0; index<5; index++){
			autoCal->linMeas[index] = autoCal->linmeasured[index];
		}
		autoCal->linStd[0] = 32.85;
		autoCal->linStd[1] = 40.8;
		autoCal->linStd[2] = 121.8;
		autoCal->linStd[3] = 344.3;
		autoCal->linStd[4] = 661.66;

		nominator = autoCal->linStd[0];
		denominator = autoCal->linMeas[0];
		autoCal->factorMtoS[0] = nominator / denominator;
		autoCal->factorStoM[0] = denominator / nominator;

		for(index=1; index<5; index++){
			nominator = autoCal->linStd[index] - autoCal->linStd[index-1];
			denominator = autoCal->linMeas[index] - autoCal->linMeas[index-1];
			autoCal->factorMtoS[index] = nominator / denominator;
			autoCal->factorStoM[index] = denominator / nominator;
		}

		nominator = 2000.0 - (autoCal->linStd[4]);
		denominator = 2000.0 - (autoCal->linMeas[4]);

		autoCal->factorMtoS[5] = nominator / denominator;
		autoCal->factorStoM[5] = denominator / nominator;
	}else{
		autoCal->linearityActive = FALSE;
	}
}

//Modified
float Mca_convertChToEnergy(float channel, AUTOCAL *autocal){
	float uncorrected, returnvalue, fNumOfChannels;
	short index;
	AUTOCAL *autoCal;

	if(autocal == NULL){
		autoCal = activeAutoCalMirror;
	}else{
		autoCal = autocal;
	}

	fNumOfChannels = (autoCal->num_of_channels) - 1;
	uncorrected = 2000.0;
	uncorrected *= channel;
	uncorrected /= fNumOfChannels;
	returnvalue = uncorrected;

	if(autoCal != NULL){
		if(autoCal->linearityActive){
			if(uncorrected <= (autoCal->linMeas[0])){
				returnvalue = (autoCal->factorMtoS[0]) * uncorrected;
			}else if(uncorrected >= (autoCal->linMeas[4])){
				returnvalue = ((autoCal->factorMtoS[5]) * (uncorrected - (autoCal->linMeas[4]))) + (autoCal->linStd[4]);
			}else{
				for(index=1; index<5; index++){
					if((uncorrected>=(autoCal->linMeas[index-1])) && (uncorrected<(autoCal->linMeas[index]))){
						returnvalue = ((autoCal->factorMtoS[index]) * (uncorrected - (autoCal->linMeas[index-1]))) + (autoCal->linStd[index-1]);
						break;
					}
				}
			}
		}
	}

	return returnvalue;
}

float Mca_convertChToEnergyWithoutCorrection(float channel, int numOfChannels){
	float uncorrected, fNumOfChannels;

	fNumOfChannels = numOfChannels - 1;
	uncorrected = 2000.0;
	uncorrected *= channel;
	uncorrected /= fNumOfChannels;
	return uncorrected;
}

float Mca_convertChToEnergyWithExplicitNumOfCh(float channel, AUTOCAL *autocal, int NumOfChannels){
	float uncorrected, returnvalue, fNumOfChannels;
	short index;
	AUTOCAL *autoCal;

	if(autocal == NULL){
		autoCal = activeAutoCalMirror;
	}else{
		autoCal = autocal;
	}

	//fNumOfChannels = (autoCal->num_of_channels) - 1;
	fNumOfChannels = NumOfChannels - 1;
	uncorrected = 2000.0;
	uncorrected *= channel;
	uncorrected /= fNumOfChannels;
	returnvalue = uncorrected;

	if(autoCal != NULL){
		if(autoCal->linearityActive){
			if(uncorrected <= (autoCal->linMeas[0])){
				returnvalue = (autoCal->factorMtoS[0]) * uncorrected;
			}else if(uncorrected >= (autoCal->linMeas[4])){
				returnvalue = ((autoCal->factorMtoS[5]) * (uncorrected - (autoCal->linMeas[4]))) + (autoCal->linStd[4]);
			}else{
				for(index=1; index<5; index++){
					if((uncorrected>=(autoCal->linMeas[index-1])) && (uncorrected<(autoCal->linMeas[index]))){
						returnvalue = ((autoCal->factorMtoS[index]) * (uncorrected - (autoCal->linMeas[index-1]))) + (autoCal->linStd[index-1]);
						break;
					}
				}
			}
		}
	}

	return returnvalue;
}

//Modified
float Mca_convertEnergyToCh(float keV, AUTOCAL *autocal){
	float uncorrected, returnvalue, fNumOfChannels;
	short index;
	AUTOCAL *autoCal;

	if(autocal == NULL){
		autoCal = activeAutoCalMirror;
	}else{
		autoCal = autocal;
	}

	uncorrected = keV;

	if(autoCal != NULL){
		if(autoCal->linearityActive){
			if(keV <= (autoCal->linStd[0])){
				uncorrected = (autoCal->factorStoM[0]) * keV;
			}else if(keV >= (autoCal->linStd[4])){
				uncorrected = ((autoCal->factorStoM[5]) * (keV - (autoCal->linStd[4]))) + (autoCal->linMeas[4]);
			}else{
				for(index=1; index<5; index++){
					if((keV>=(autoCal->linStd[index-1])) && (keV<(autoCal->linStd[index]))){
						uncorrected = ((autoCal->factorStoM[index]) * (keV - (autoCal->linStd[index-1]))) + (autoCal->linMeas[index-1]);
						break;
					}
				}
			}
		}
	}

	fNumOfChannels = (autoCal->num_of_channels) - 1;
	uncorrected *= fNumOfChannels;
	uncorrected /= 2000.0;
	returnvalue = uncorrected;

	return returnvalue;
}

float Mca_convertEnergyToChWithoutCorrection(float keV, int numOfChannels){
	float uncorrected, fNumOfChannels;

	fNumOfChannels = numOfChannels - 1;
	uncorrected = keV;
	uncorrected *= fNumOfChannels;
	uncorrected /= 2000.0;
	return uncorrected;
}

bool Mca_presetReached(void){
	ushort ctl;

	MCASetAddress(SW_CONTROL_REG);
	ctl = MCAReadData();

	if((ctl & 0x8000) == 0) return FALSE;
	else return TRUE;
}

static void MCACountingFinished(void){
	spec_meas.done_flag = Mca_presetReached();
}

static void MCAGetTime(void){
	ushort rtlo, rthi, dtlo, dthi, countdownlo, countdownhi;
	ulong realcentisec, deadcentisec, countdowncentisec;
	float realtime, deadtime, livetime, countdowntime;

	MCASetAddress(CURRENT_RT_LOW_REG);
	rtlo = MCAReadData();
	rthi = MCAReadData();
	dtlo = MCAReadData();
	dthi = MCAReadData();
	countdownlo = MCAReadData();
	countdownhi = MCAReadData();

	realcentisec = rthi;
	realcentisec *= 0x10000;
	realcentisec += rtlo;
	realtime = realcentisec;
	realtime *= 0.01;

	deadcentisec = dthi;
	deadcentisec *= 0x10000;
	deadcentisec += dtlo;
	deadtime = deadcentisec;
	deadtime *= 0.01;

	countdowncentisec = countdownhi;
	countdowncentisec *= 0x10000;
	countdowncentisec += countdownlo;
	countdowntime = countdowncentisec;
	countdowntime *= 0.01;

	livetime = realtime - deadtime;
	spec_meas.live_time = livetime;
	spec_meas.real_time = realtime;
	spec_meas.dead_time = deadtime;
	spec_meas.countdown_time = countdowntime;
	spec_meas.stamp = clock_time;
}

static void MCAMaxCountsExceeded(void){
	short ctl;

	MCASetAddress(SW_CONTROL_REG);
	ctl = MCAReadData();

	if((ctl & 0x4000)==0) spec_meas.max_exceeded = FALSE;
	else spec_meas.max_exceeded = TRUE;
}

void Mca_setAcquireTime(short seconds){
	ulong centiseconds;
	ushort hi, lo;

	measureSec = seconds;
	Mca_stopAcquisition();
	centiseconds = seconds;
	centiseconds *= 100;
	lo = centiseconds & 0xffff;
	hi = centiseconds >> 16;

	MCASetAddress(MEAS_TIME_LOW_REG);
	MCAWriteData(lo);
	MCAWriteData(hi);
}

void Mca_refreshAcquireTime(void){
	Mca_setAcquireTime(measureSec);
}

short Mca_getAcquireTime(void){
	return measureSec;
}

//Modified
void Mca_mcaFindPeaks(ulong spectrum[], short startch, short endch, short tophatwidth, short minpeakwidth, float minratio, PEAK *peak){
	short tophatcenterpoint, sidewidth, centerwidth, index, jndex, kndex, peakregionstart, peakregionend, peakregionwidth, peakcount;
	float sumfloat, sumxy, sumy, specvalue, centroid, ratio, averageperch, averageperchdemon;
	long int centervalue, sidevalue, sumweight, sum;
	long int *weight, *filtered;
	bool abovezero;

	weight = (long int *) malloc(500 * sizeof(long int));
	filtered = (long int *) malloc(4096 * sizeof(long int));

	peakcount = 0;
	for(index=0; index<20; index++){
		peak->centroid = 0;
		peak->height = 0;
		peak++;
	}
	peak -= 20;

	// Generate tophat filter
	tophatcenterpoint = tophatwidth;
	tophatcenterpoint -= 1;
	tophatcenterpoint /= 2;

	sidewidth = (tophatwidth - 1)/4;
	centerwidth = (2*sidewidth) + 1;

	centervalue = 2 * sidewidth;
	sidevalue = -centerwidth;

	sumweight = centervalue * centerwidth;

	for(index=0;index<sidewidth;index++) weight[index] = sidevalue;
	for(index=sidewidth;index<(sidewidth+centerwidth);index++) weight[index] = centervalue;
	for(index=(sidewidth+centerwidth);index<tophatwidth;index++) weight[index] = sidevalue;

	// Calculate Average count Per Channel
	averageperch = 0;
	for(index=startch; index<=endch; index++){
		averageperch += spectrum[index];
	}
	averageperchdemon = endch - startch + 1;
	averageperch /= averageperchdemon;

	// Convolve TopHat filter into spectrum and send output to filtered array
	for(index=startch;index<=endch;index++){
		sum = 0;
		for(jndex=0;jndex<tophatwidth;jndex++){
			kndex = index + jndex - tophatcenterpoint;
			if((kndex>=0) && kndex<=endch){
				sum += (weight[jndex] * spectrum[kndex]);
			}
		}
		filtered[index] = sum / sumweight;
		service_watchdog();
	}

	// Scan for peaks by getting regions above zero in the filtered array
	// The peak regions are identified by being above zero and meeting min peak width req
	// Actual peaks are identifed by using a x-weighted average (centroid) on the unfiltered spectrum in the peak region identified above

	abovezero = FALSE;
	for(index=startch;index<=endch;index++){
		if(filtered[index]>0){
			if(abovezero){
				sumfloat += filtered[index];
			}else{
				sumfloat = filtered[index];
				peakregionstart = index;
				abovezero = TRUE;
			}
		}else{
			if(abovezero){
				peakregionend = index - 1;
				peakregionwidth = peakregionend - peakregionstart + 1;

				// Use critera to determine a valid peak region
				ratio = averageperch * peakregionwidth;
				ratio = sumfloat /ratio;
				//ratio = peakregionwidth;
				//ratio = sumfloat /ratio;
				if((peakregionwidth >= minpeakwidth) && (ratio > minratio)){
					// Get Peak by calculating centroid Sum(x*y)/Sum(y)
					sumy = 0;
					sumxy = 0;
					for(jndex=peakregionstart; jndex<=peakregionend; jndex++){
						specvalue = spectrum[jndex];
						sumy += specvalue;
						sumxy = sumxy + (specvalue * jndex);
					}
					centroid = sumxy / sumy;
					service_watchdog();

					if(peakcount<20){
						peak->centroid = centroid;
						jndex = (short)(centroid + 0.5);
						peak->height = spectrum[jndex];
						peak->ratio = ratio;
						peak->ratiolocal = peakregionwidth;
						peak++;
						peakcount++;
					}
				}
				abovezero = FALSE;
			}
		}
	}

	free(weight);
	free(filtered);
}

//Modified
void McaFindPeaks(short startch, short endch, short tophatwidth, short minpeakwidth, float minratio, PEAK *peak){
	short tophatcenterpoint, sidewidth, centerwidth, index, jndex, kndex, peakregionstart, peakregionend, peakregionwidth, peakcount;
	float sumfloat, sumxy, sumy, specvalue, centroid, ratio, averageperch, averageperchdemon;
	long int centervalue, sidevalue, sumweight, sum;
	//long long weight[500], filtered[4096];
	//float *weight, *filtered;
	long int *weight, *filtered;
	long int spectrumvalue;
	bool abovezero;

	weight = (long int *) malloc(500 * sizeof(long int));
	filtered = (long int *) malloc(4096 * sizeof(long int));

	peakcount = 0;
	for(index=0; index<20; index++){
		peak->centroid = 0;
		peak->height = 0;
		peak++;
	}
	peak -= 20;

	// Generate tophat filter
	tophatcenterpoint = tophatwidth;
	tophatcenterpoint -= 1;
	tophatcenterpoint /= 2;

	sidewidth = (tophatwidth - 1)/4;
	centerwidth = (2*sidewidth) + 1;

	centervalue = 2 * sidewidth;
	sidevalue = -centerwidth;

	sumweight = centervalue * centerwidth;

	for(index=0;index<sidewidth;index++) weight[index] = sidevalue;
	for(index=sidewidth;index<(sidewidth+centerwidth);index++) weight[index] = centervalue;
	for(index=(sidewidth+centerwidth);index<tophatwidth;index++) weight[index] = sidevalue;

	// Calculate Average count Per Channel
	averageperch = 0;
	for(index=startch; index<=endch; index++){
		averageperch += spec_meas.spectrum[index];
	}
	averageperchdemon = endch - startch + 1;
	averageperch /= averageperchdemon;

	// Convolve TopHat filter into spectrum and send output to filtered array
	for(index=startch; index<=endch; index++){
		sum = 0;
		for(jndex=0; jndex<tophatwidth; jndex++){
			kndex = index + jndex - tophatcenterpoint;
			if((kndex>=0) && kndex<=endch){
				spectrumvalue = spec_meas.spectrum[kndex];
				sum += (weight[jndex] * spectrumvalue);
			}
		}
		//normalized = sum / sumweight;
		//makesurelong = normalized;
		//filtered[index] = makesurelong;
		filtered[index] = sum / sumweight;
		service_watchdog();
	}

	// Scan for peaks by getting regions above zero in the filtered array
	// The peak regions are identified by being above zero and meeting min peak width req
	// Actual peaks are identifed by using a x-weighted average (centroid) on the unfiltered spectrum in the peak region identified above

	abovezero = FALSE;
	for(index=startch;index<=endch;index++){
		if(filtered[index]>0){
			if(abovezero){
				sumfloat += filtered[index];
			}else{
				sumfloat = filtered[index];
				peakregionstart = index;
				abovezero = TRUE;
			}
		}else{
			if(abovezero){
				peakregionend = index - 1;
				peakregionwidth = peakregionend - peakregionstart + 1;

				// Use critera to determine a valid peak region
				ratio = averageperch * peakregionwidth;
				ratio = sumfloat /ratio;
				//ratio = peakregionwidth;
				//ratio = sumfloat /ratio;
				if((peakregionwidth >= minpeakwidth) && (ratio > minratio)){
				//if((peakregionwidth >= minpeakwidth)){
				//if(ratio > minratio){
					// Get Peak by calculating centroid Sum(x*y)/Sum(y)
					sumy = 0;
					sumxy = 0;
					for(jndex=peakregionstart; jndex<=peakregionend; jndex++){
						specvalue = spec_meas.spectrum[jndex];
						sumy += specvalue;
						sumxy = sumxy + (specvalue * jndex);
					}
					centroid = sumxy / sumy;
					service_watchdog();

					if(peakcount<20){
						peak->centroid = centroid;
						jndex = (short)(centroid + 0.5);
						peak->height = spec_meas.spectrum[jndex];
						peak->ratio = ratio;
						peak->ratiolocal = peakregionwidth;
						peak++;
						peakcount++;
					}
				}
				abovezero = FALSE;
			}
		}
	}

	free(weight);
	free(filtered);
}

//Modified
void Mca_getPeaks2(ulong spectrum[], PEAK *peak, short *np1, int numOfChannels){
	short index, tophatwidth, minpeakwidth, iLowerLimit;
	float minratio, lowerlimit;
	PEAK temppeak[20];

	for(index=0; index<40; index++){
		peak->height = 0;
		peak->centroid = 0;
		peak++;
	}
	peak -= 40;

	*np1 = 0;

	switch(numOfChannels){
		case 256:
			tophatwidth = 5;
			minpeakwidth = 2;
			minratio = .23;
			break;

		case 512:
			tophatwidth = 13;
			minpeakwidth = 3;
			minratio = .3;
			break;

		case 1024:
			tophatwidth = 21;
			minpeakwidth = 7;
			minratio = .3;
			break;

		case 2048:
			tophatwidth = 41;
			minpeakwidth = 14;
			minratio = .3;
			break;

		case 4096:
			tophatwidth = 81;
			minpeakwidth = 28;
			minratio = .3;
			break;
	}

	Mca_mcaFindPeaks(spectrum, 0, numOfChannels - 1, tophatwidth, minpeakwidth, minratio, &(temppeak[0]));
	for(index=0; index<20; index++){
		if((temppeak[index].height>0) && (temppeak[index].centroid>0) && (temppeak[index].centroid<(numOfChannels/4))){
			peak->height = temppeak[index].height;
			peak->centroid = temppeak[index].centroid;
			peak->ratio = temppeak[index].ratio;
			peak->ratiolocal = temppeak[index].ratiolocal;
			peak++;
			(*np1)++;
		}
	}

	switch(numOfChannels){
		case 256:
			tophatwidth = 33;
			minpeakwidth = 10;
			minratio = .23;
			break;

		case 512:
			tophatwidth = 61;
			minpeakwidth = 24;
			minratio = .3;
			break;

		case 1024:
			tophatwidth = 121;
			minpeakwidth = 35;
			minratio = .3;
			break;

		case 2048:
			tophatwidth = 241;
			minpeakwidth = 70;
			minratio = .3;
			break;

		case 4096:
			tophatwidth = 481;
			minpeakwidth = 140;
			minratio = .3;
			break;
	}

	Mca_mcaFindPeaks(spectrum, 0, numOfChannels - 1, tophatwidth, minpeakwidth, minratio, &(temppeak[0]));

	lowerlimit = numOfChannels;
	lowerlimit /= 4.65;
	iLowerLimit = lowerlimit;

	for(index=0; index<20; index++){
		if((temppeak[index].height>0) && (temppeak[index].centroid>iLowerLimit) && (temppeak[index].centroid<numOfChannels)){
			peak->height = temppeak[index].height;
			peak->centroid = temppeak[index].centroid;
			peak->ratio = temppeak[index].ratio;
			peak->ratiolocal = temppeak[index].ratiolocal;
			peak++;
		}
	}
}

//Modified
void Mca_getPeaks(PEAK *peak, short *np1, bool AutoCal){
	short index, tophatwidth, minpeakwidth, iLowerLimit;
	float minratio, lowerlimit;
	PEAK temppeak[20];

	for(index=0; index<40; index++){
		peak->height = 0;
		peak->centroid = 0;
		peak++;
	}
	peak -= 40;

	*np1 = 0;

	switch(spec_meas.num_of_channels){
		case 256:
			if(AutoCal){
				tophatwidth = 5;
				minpeakwidth = 2;
				minratio = .23;
			}else{
				tophatwidth = 5;
				minpeakwidth = 2;
				minratio = .23;
			}
			break;

		case 512:
			if(AutoCal){
				//tophatwidth = 9;
				//minpeakwidth = 3;
				tophatwidth = 13;
				minpeakwidth = 4;
				minratio = .3;
			}else{
				//tophatwidth = 9;
				//minpeakwidth = 4;
				tophatwidth = 13;
				minpeakwidth = 4;
				minratio = .3;
			}
			break;

		case 1024:
			if(AutoCal){
				tophatwidth = 21;
				minpeakwidth = 7;
				minratio = .3;
			}else{
				tophatwidth = 21;
				minpeakwidth = 7;
				minratio = .3;
			}
			break;

		case 2048:
			if(AutoCal){
				tophatwidth = 41;
				minpeakwidth = 14;
				minratio = .3;
			}else{
				tophatwidth = 41;
				minpeakwidth = 14;
				minratio = .3;
			}
			break;

		case 4096:
			if(AutoCal){
				tophatwidth = 81;
				minpeakwidth = 28;
				minratio = .3;
			}else{
				tophatwidth = 81;
				minpeakwidth = 28;
				minratio = .3;
			}
			break;
	}
	McaFindPeaks(0, spec_meas.num_of_channels - 1, tophatwidth, minpeakwidth, minratio, &(temppeak[0]));

	for(index=0; index<20; index++){
		if((temppeak[index].height>0) && (temppeak[index].centroid>0) && (temppeak[index].centroid<(spec_meas.num_of_channels/4))){
			peak->height = temppeak[index].height;
			peak->centroid = temppeak[index].centroid;
			peak->ratio = temppeak[index].ratio;
			peak->ratiolocal = temppeak[index].ratiolocal;
			peak++;
			(*np1)++;
		}
	}

	switch(spec_meas.num_of_channels){
		case 256:
			if(AutoCal){
				tophatwidth = 33;
				minpeakwidth = 10;
				minratio = .23;
			}else{
				tophatwidth = 33;
				minpeakwidth = 10;
				minratio = .23;
			}
			break;

		case 512:
			if(AutoCal){
				tophatwidth = 61;
				minpeakwidth = 24;
				minratio = .3;
			}else{
				tophatwidth = 61;
				minpeakwidth = 24;
				minratio = .3;
			}
			break;

		case 1024:
			if(AutoCal){
				tophatwidth = 121;
				minpeakwidth = 35;
				minratio = .3;
			}else{
				tophatwidth = 121;
				minpeakwidth = 35;
				minratio = .3;
			}
			break;

		case 2048:
			if(AutoCal){
				tophatwidth = 241;
				minpeakwidth = 70;
				minratio = .3;
			}else{
				tophatwidth = 241;
				minpeakwidth = 70;
				minratio = .3;
			}
			break;

		case 4096:
			if(AutoCal){
				tophatwidth = 481;
				minpeakwidth = 140;
				minratio = .3;
			}else{
				tophatwidth = 481;
				minpeakwidth = 140;
				minratio = .3;
			}
			break;
	}
	McaFindPeaks(0, spec_meas.num_of_channels - 1, tophatwidth, minpeakwidth, minratio, &(temppeak[0]));

	lowerlimit = spec_meas.num_of_channels;
	lowerlimit /= 4.65;
	iLowerLimit = lowerlimit;

	for(index=0; index<20; index++){
		if((temppeak[index].height>0) && (temppeak[index].centroid>iLowerLimit) && (temppeak[index].centroid<spec_meas.num_of_channels)){
			peak->height = temppeak[index].height;
			peak->centroid = temppeak[index].centroid;
			peak->ratio = temppeak[index].ratio;
			peak->ratiolocal = temppeak[index].ratiolocal;
			peak++;
		}
	}
}

void Mca_saveZeroOpAmpOffsetToMirror(void){
	activeAutoCalMirror->zeroopampoffset = Mca_getZeroOpAmpOffset();
}

void Mca_saveGainToMirror(void){
	activeAutoCalMirror->gain1 = Mca_getGain1();
	activeAutoCalMirror->gain2 = Mca_getGain2();
}

void Mca_saveSigmaToMirror(float sigma){
	activeAutoCalMirror->sigma = sigma;
}

void Mca_saveSigmaLipToMirror(float sigma){
	activeAutoCalMirror->sigma_lip = sigma;
}

void Mca_setCalStamp(void){
	activeAutoCalMirror->caltstamp = clock_time;
}

void Mca_setLinStamp(void){
	activeAutoCalMirror->lintstamp = clock_time;
}

//Modified
void Mca_saveCalibMirror(void){
	int index;
	for(index=0; index<6; index++) activeAutoCalMirror->serialnum[index] = activeDetectorMirror->snum[index];
	activeAutoCalMirror->serialnum[6] = 0;
	activeAutoCalMirror->threshold = activeDetectorMirror->threshold;
	activeAutoCalMirror->hv = activeDetectorMirror->hv;
	activeAutoCalMirror->detectortype = Mca_installedDetector;
	activeAutoCalMirror->num_of_channels = activeDetectorMirror->num_of_channels;
#ifdef TIMES1000
	for(index=0; index<TIMES1000; index++){
#endif
		DB_WriteWellCalib(activeAutoCalMirror, TRUE);
#ifdef TIMES1000
	}
#endif
}

void Mca_setMirrorToZeroOpAmpOffset(void){
	Mca_setZeroOpAmpOffset(activeAutoCalMirror->zeroopampoffset);
}

void Mca_setMirrorToGain(void){
	Mca_setGain(activeAutoCalMirror->gain1, activeAutoCalMirror->gain2);
}

void Mca_setLinearityCorrection(float *measurement){
	short index;

	for(index=0; index<5; index++){
		activeAutoCalMirror->linmeasured[index] = *measurement;
		measurement++;
	}
	MCACalcLinFactors(activeAutoCalMirror);
}

//Modified
long long int Mca_getAutoCalID(int detectorType){
	switch(detectorType){
		case DET_WELL:
			return wellAutoCalMirror.AutoCalID;

		case DET_BETA:
			return betaAutoCalMirror.AutoCalID;

		case DET_PROBE700:
			return probe700AutoCalMirror.AutoCalID;

		case DET_DRILLEDPROBE700:
			return drilledprobe700AutoCalMirror.AutoCalID;

		case DET_WELL700:
			return well700AutoCalMirror.AutoCalID;

		default:
			return 0;
	}
}

long long int Mca_getCurrentAutoCalID(void){
	return activeAutoCalMirror->AutoCalID;
}

AUTOCAL *Mca_getCurrentAutoCal(void){
	return activeAutoCalMirror;
}

void MCA_clearBackgroundMirror(BACKGND *backgndPtr){
	short index;

	backgndPtr->CreatedOn = (time_t) 0;
	backgndPtr->Detector = DET_EMPTY;
	backgndPtr->Inactive = FALSE;
	backgndPtr->Spectrum.AutoCal.AutoCalID = 0;
	backgndPtr->Spectrum.AutoCal.zeroopampoffset = 0;
	backgndPtr->Spectrum.AutoCal.gain1 = 0;
	backgndPtr->Spectrum.AutoCal.gain2 = 0;
	backgndPtr->Spectrum.AutoCal.sigma = 0;
	backgndPtr->Spectrum.AutoCal.sigma_lip = 0;
	for(index=0; index<5; index++){
		backgndPtr->Spectrum.AutoCal.linmeasured[index] = 0.0;
		backgndPtr->Spectrum.AutoCal.linStd[index] = 0.0;
		backgndPtr->Spectrum.AutoCal.linMeas[index] = 0.0;
	}
	for(index=0; index<6; index++){
		backgndPtr->Spectrum.AutoCal.factorMtoS[index] = 0.0;
		backgndPtr->Spectrum.AutoCal.factorStoM[index] = 0.0;
	}
	backgndPtr->Spectrum.AutoCal.serialnum[0] = 0;
	backgndPtr->Spectrum.AutoCal.threshold = 0;
	backgndPtr->Spectrum.AutoCal.hv = 0;
	backgndPtr->Spectrum.AutoCal.caltstamp = 0;
	backgndPtr->Spectrum.AutoCal.lintstamp = 0;
	backgndPtr->Spectrum.AutoCal.linearityActive = FALSE;
	backgndPtr->Spectrum.AutoCal.detectortype = 0;
	backgndPtr->Spectrum.BitsPerChannel = 0;
	for(index=0; index<4096; index++) backgndPtr->Spectrum.DecompressedSpectra[index] = 0;
	backgndPtr->Spectrum.LiveTime = 0;
	backgndPtr->Spectrum.MeasuredOn = (time_t) 0;
	backgndPtr->Spectrum.NumOfChannels = 0;
	backgndPtr->Spectrum.RealTime = 0;
	backgndPtr->Spectrum.SpectraID = 0;
	backgndPtr->Spectrum.TotalCPM = 0;
	backgndPtr->Spectrum.TotalCounts = 0;
	backgndPtr->WellBackgroundID = 0;
}

//Modified
void Mca_clearBackgroundMirror(void){
	MCA_clearBackgroundMirror(activeBkgMirror);
}

//Modified
void Mca_clearBkgMirror(int detectorType){
	switch(detectorType){
		case DET_WELL:
			MCA_clearBackgroundMirror(&wellBkgMirror);
			break;

		case DET_BETA:
			MCA_clearBackgroundMirror(&betaBkgMirror);
			break;

		case DET_PROBE700:
			MCA_clearBackgroundMirror(&probe700BkgMirror);
			break;

		case DET_DRILLEDPROBE700:
			MCA_clearBackgroundMirror(&drilledprobe700BkgMirror);
			break;

		case DET_WELL700:
			MCA_clearBackgroundMirror(&well700BkgMirror);
			break;
	}
}

void *Mca_getBackgroundMirror(void){
	return (void *) activeBkgMirror;
}

//Modified
long Mca_getBackgroundMirrorSize(void){
	return sizeof(BACKGND);
}

float Mca_getSigma(void){
	return activeAutoCalMirror->sigma;
}

float Mca_getSigmaLip(void){
	return activeAutoCalMirror->sigma_lip;
}

bool Mca_getCalibrationStatus(void){
	if((activeAutoCalMirror->caltstamp) == 0) return FALSE;
	else return TRUE;
}

float Mca_getLinearityMeasured(short index){
	return activeAutoCalMirror->linmeasured[index];
}

bool Mca_getCalibratedToday(void){
	struct tm tmCalibrated;
	struct tm tmNow;

	memcpy(&tmCalibrated, gmtime(&(activeAutoCalMirror->caltstamp)), sizeof(tmCalibrated));
	memcpy(&tmNow, gmtime(&clock_time), sizeof(tmNow));

	if((tmCalibrated.tm_year == tmNow.tm_year) && (tmCalibrated.tm_yday == tmNow.tm_yday)) return TRUE;
	else return FALSE;
}

time_t Mca_getCalibrationStamp(void){
	return activeAutoCalMirror->caltstamp;
}

//Modified
bool Mca_getBackgroundStatus(void){
	if(activeBkgMirror->Spectrum.MeasuredOn == (time_t) 0) return FALSE;
	else return TRUE;
}

//Modified
bool Mca_getBackgroundToday(void){
	struct tm tmBackground;
	struct tm tmNow;

	memcpy(&tmBackground, gmtime(&(activeBkgMirror->Spectrum.MeasuredOn)), sizeof(tmBackground));
	memcpy(&tmNow, gmtime(&clock_time), sizeof(tmNow));

	if((tmBackground.tm_year == tmNow.tm_year) && (tmBackground.tm_yday == tmNow.tm_yday)) return TRUE;
	else return FALSE;
}

//Modified
time_t Mca_getBackgroundStamp(void){
	return activeBkgMirror->Spectrum.MeasuredOn;
}

//Modified
void Mca_saveToBackgroundMirror(void){
	DB_WriteWellBackground(Mca_installedDetector, &spec_meas, activeBkgMirror, TRUE);
}

//Modified
float Mca_getBackgroundLiveTime(void){
	return activeBkgMirror->Spectrum.LiveTime;
}

bool Mca_existsAutoCal(void){
	return DB_ExistsAutoCal(Mca_installedDetector);
}

bool Mca_existsBackground(void){
	return DB_ExistsBackground(Mca_installedDetector);
}

//Modified
unsigned long Mca_getROIBackgroundCounts(short startCh, short endCh, BACKGND *backgnd){
	unsigned long counts;
	int index;
	BACKGND *backGnd;

	if(backgnd == NULL) backGnd = activeBkgMirror;
	else backGnd = backgnd;

	counts = 0;
	for(index=startCh; index<=endCh; index++) counts += backGnd->Spectrum.DecompressedSpectra[index];

	return counts;
}

//Modified
float Mca_getROIBackgroundCPM(short startCh, short endCh, BACKGND *backgnd){
	float acc;
	BACKGND *backGnd;

	if(backgnd == NULL) backGnd = activeBkgMirror;
	else backGnd = backgnd;

	acc = Mca_getROIBackgroundCounts(startCh, endCh, backGnd);

	acc /= backGnd->Spectrum.LiveTime;
	acc *= 60.0;
	return acc;
}

//Modified
float Mca_getAverageBackgroundCPM(BACKGND *backgnd){
	BACKGND *backGnd;

	if(backgnd == NULL) backGnd = activeBkgMirror;
	else backGnd = backgnd;

	return Mca_getROIBackgroundCPM(0, (backGnd->Spectrum.NumOfChannels) - 1, backGnd);
}

ulong Mca_getROICounts(ulong spectrum[], short startCh, short endCh){
	short index;
	ulong returnvalue;

	returnvalue = 0;
	for(index=startCh; index<=endCh; index++){
		returnvalue += spectrum[index];
	}

	return returnvalue;
}

//Modified
void Mca_getEnergyLimits(float energy, float *lowerLimit, float *upperLimit, int numOfChannels){
	float tolerance, energyDifference, toleranceFloor, maxChannel;

	maxChannel = numOfChannels - 1;
	toleranceFloor = 2000.0;
	toleranceFloor /= maxChannel;
	toleranceFloor *= 2.0; // Two channels
	tolerance = .05; // 5%

	energyDifference = energy * tolerance;
	if(energyDifference < toleranceFloor) energyDifference = toleranceFloor;
	*lowerLimit = energy - energyDifference;
	if(*lowerLimit < 0) *lowerLimit = 0;
	*upperLimit = energy + energyDifference;
}

void Mca_getEndPoints(float energy, float *startEV, float *endEV, bool sigmaLip){
	double sigma;
	double energyFactor; // Energy Factor scaled from 661.66keV or Cs137 peak
	double scaledEnergy;
	double hwtm;		 // half-width tenth max
	double dEnergy, startEnergy, endEnergy;

	dEnergy = energy;
	if(sigmaLip) sigma = Mca_getSigmaLip();
	else sigma = Mca_getSigma();
	scaledEnergy = energy;
	scaledEnergy /= 661.66;
	energyFactor = sqrt(scaledEnergy);

	hwtm = 2.15 * sigma * energyFactor;

	startEnergy = dEnergy - hwtm;
	endEnergy = dEnergy + hwtm;

	*startEV = startEnergy;
	*endEV = endEnergy;
}


void Mca_getROIChannels(float startEV, float endEV, short *startCh, short *endCh, AUTOCAL *autocal){
	float startChannel, endChannel, startChannelIntEV, endChannelIntEV;
	short startChannelInt, endChannelInt;
	AUTOCAL *autoCal;

	if(autocal == NULL){
		autoCal = activeAutoCalMirror;
	}else{
		autoCal = autocal;
	}

	startChannel = Mca_convertEnergyToCh(startEV, autoCal);
	startChannelInt = startChannel;

	startChannel = startChannelInt;
	startChannelIntEV = Mca_convertChToEnergy(startChannel, autoCal);
	if(startChannelInt < (autoCal->num_of_channels - 1)){
		while(startChannelIntEV<startEV){
			if(startChannelInt < (autoCal->num_of_channels - 1)){
				startChannelInt++;
				startChannel = startChannelInt;
				startChannelIntEV = Mca_convertChToEnergy(startChannel, autoCal);
			}else{
				break;
			}
		}
	}

	endChannel = Mca_convertEnergyToCh(endEV, autoCal);
	endChannelInt = endChannel;

	endChannel = endChannelInt;
	endChannelIntEV = Mca_convertChToEnergy(endChannel, autoCal);

	if(startChannelIntEV <= endChannelIntEV){
		*startCh = startChannelInt;
		*endCh = endChannelInt;
	}else{
		*startCh = -1;
		*endCh = -1;
	}
}

//Modified
/*void Mca_getROIChannelsOld(float startEV, float endEV, short *startCh, short *endCh){
	float startChannel, endChannel, startChannelIntEV, endChannelIntEV;
	short startChannelInt, endChannelInt;

	startChannel = Mca_convertEnergyToCh(startEV, NULL);
	startChannelInt = startChannel;

	startChannel = startChannelInt;
	startChannelIntEV = Mca_convertChToEnergy(startChannel, NULL);
	if(startChannelInt < (activeAutoCalMirror->num_of_channels - 1)){
		while(startChannelIntEV<startEV){
			if(startChannelInt < (activeAutoCalMirror->num_of_channels - 1)){
				startChannelInt++;
				startChannel = startChannelInt;
				startChannelIntEV = Mca_convertChToEnergy(startChannel, NULL);
			}else{
				break;
			}
		}
	}

	endChannel = Mca_convertEnergyToCh(endEV, NULL);
	endChannelInt = endChannel;

	endChannel = endChannelInt;
	endChannelIntEV = Mca_convertChToEnergy(endChannel, NULL);


	if(startChannelIntEV <= endChannelIntEV){
		*startCh = startChannelInt;
		*endCh = endChannelInt;
	}else{
		*startCh = -1;
		*endCh = -1;
	}
}*/

void Mca_getROIChannelsWithoutCorrection(float startEV, float endEV, short *startCh, short *endCh, int numOfChannels){
	float startChannel, endChannel, startChannelIntEV, endChannelIntEV;
	short startChannelInt, endChannelInt;

	startChannel = Mca_convertEnergyToChWithoutCorrection(startEV, numOfChannels);
	startChannelInt = startChannel;

	startChannel = startChannelInt;
	startChannelIntEV = Mca_convertChToEnergyWithoutCorrection(startChannel, numOfChannels);
	if(startChannelInt < (numOfChannels - 1)){
		while(startChannelIntEV<startEV){
			if(startChannelInt < (numOfChannels - 1)){
				startChannelInt++;
				startChannel = startChannelInt;
				startChannelIntEV = Mca_convertChToEnergyWithoutCorrection(startChannel, numOfChannels);
			}else{
				break;
			}
		}
	}

	endChannel = Mca_convertEnergyToChWithoutCorrection(endEV, numOfChannels);
	endChannelInt = endChannel;

	endChannel = endChannelInt;
	endChannelIntEV = Mca_convertChToEnergyWithoutCorrection(endChannel, numOfChannels);

	if(startChannelIntEV <= endChannelIntEV){
		*startCh = startChannelInt;
		*endCh = endChannelInt;
	}else{
		*startCh = -1;
		*endCh = -1;
	}
}

//Modified
bool Mca_findPeak(ulong spectrum[], ENERGYPEAK energyPeak[], bool sigmaLip, AUTOCAL *autocal){
	bool returnstatus;
	PEAK detectpeak[40];
	float upperLimit[40];
	float lowerLimit[40];
	float startEV, endEV;
	short startCH[40], endCH[40];
	float eV;
	short index, jndex, kndex, secondregionstart;
	bool found;
	AUTOCAL *autoCal;

	if(autocal == NULL) autoCal = activeAutoCalMirror;
	else autoCal = autocal;

	returnstatus = FALSE;
	Mca_getPeaks2(spectrum, detectpeak, & secondregionstart, autoCal->num_of_channels);
	Mca_dedupPeaks(detectpeak, secondregionstart, autoCal->num_of_channels);
	for(index=0; index<40; index++){
		if((detectpeak[index].centroid == 0) && (detectpeak[index].height == 0)){
			upperLimit[index] = -1.0;
			lowerLimit[index] = -1.0;
			startCH[index] = -1;
			endCH[index] = -1;
		}else{
			eV = Mca_convertChToEnergy(detectpeak[index].centroid, autoCal);
			Mca_getEnergyLimits(eV, &(lowerLimit[index]), &(upperLimit[index]), autoCal->num_of_channels);
			Mca_getEndPoints(eV, &startEV, &endEV, sigmaLip);
			Mca_getROIChannels(startEV, endEV, &(startCH[index]), &(endCH[index]), autoCal);
		}
	}

	for(index=0; index<10; index++){
		if(energyPeak[index].energy > 0){
			for(jndex=0; jndex<40; jndex++){
				if((energyPeak[index].energy>=lowerLimit[jndex]) && (energyPeak[index].energy<=upperLimit[jndex])){
					found = FALSE;
					for(kndex=0; kndex<10; kndex++){
						if(energyPeak[kndex].peakindex == jndex){
							found = TRUE;
							break;
						}
					}
					if(!found){
						energyPeak[index].peakindex = jndex;
						energyPeak[index].startCh = startCH[jndex];
						energyPeak[index].endCh = endCH[jndex];
						energyPeak[index].found = TRUE;
						break;
					}
				}
			}
		}
	}

	return returnstatus;
}

//Modified
float Mca_getCpm(ulong spectrum[], short startCh, short endCh, float liveSeconds, bool subtractBackground){
	short index;
	ulong total;
	double rate, bkgrate;
	double seconds;
	float returnValue;

	if(liveSeconds>0){
		seconds = liveSeconds;
		total = 0;
		for(index=startCh; index<=endCh; index++) total += spectrum[index];

		rate = total;
		rate /= seconds; // Cps
		rate *= 60; // Cpm
		if(subtractBackground){
			total = 0;
			for(index=startCh; index<=endCh; index++) total += activeBkgMirror->Spectrum.DecompressedSpectra[index];
			bkgrate = total;
			bkgrate /= activeBkgMirror->Spectrum.LiveTime;
			bkgrate *= 60;
			rate -= bkgrate;
		}
		returnValue = rate;
	}
	else returnValue = 0;

	return returnValue;
}

float Mca_convertCiToDpm(float Ci){
	double returnValue;
	double conversionfactor;

	conversionfactor = 3.7e+10; // Dps
	conversionfactor *= 60.0;	// Dpm

	returnValue = Ci;
	returnValue *= conversionfactor;
	return returnValue;
}

float Mca_convertDpmToCi(float dpm){
	double returnValue;
	double conversionfactor;

	conversionfactor = 3.7e+10;
	conversionfactor *= 60.0;

	returnValue = dpm;
	returnValue /= conversionfactor;
	return returnValue;
}

float Mca_convertBqToDpm(float Bq){
	double returnValue;

	returnValue = Bq;
	returnValue *= 60.0;
	return returnValue;
}

float Mca_convertDpmToBq(float dpm){
	double returnValue;

	returnValue = dpm;
	returnValue /= 60.0;
	return returnValue;
}

//Modified
void Mca_drawROI(short startCh, short endCh, uchar display[], int num_of_channels){
	short index, counter, startDisplay, endDisplay;
	ushort x, y;

	if(startCh<endCh){
		counter = 0;

		switch(num_of_channels){
			case 256:
				startDisplay = 2 * startCh;
				endDisplay = (2 * endCh) + 1;
				break;

			case 512:
				startDisplay = startCh;
				endDisplay = endCh;
				break;

			case 1024:
				startDisplay = startCh/2;
				endDisplay = endCh/2;
				break;

			case 2048:
				startDisplay = startCh/4;
				endDisplay = endCh/4;
				break;

			case 4096:
				startDisplay = startCh/8;
				endDisplay = endCh/8;
				break;
		}

		for(index=startDisplay; index<=endDisplay; index++){
			x = index + 289;
			y = display[index];
			y = 329 - y;

			SetAmuletLine(x, 329, x, y, 0xFF0000, 0x01);

			if(counter > 9){
				delayloop(10);
				counter = 0;
			}
			counter++;
		}
	}
}

float Mca_getFullEfficiency(void){
	return fullSpecEffMirror;
}

void Mca_updateFullEfficiency(float value){
	fullSpecEffMirror = value;
}

void Mca_fullEfficiencyMirrorUpdate(void){
	DB_WriteFullSpecEff(Mca_installedDetector, fullSpecEffMirror);
	//EE_WRITE(gencf, (uchar *) &fullSpecEffMirror);
}

// Modified
void Mca_dedupPeaks(PEAK detectpeak[], short secondregionstart, int numOfChannels){
	short index, jndex, totalpeaks, tempPeakEnd;
	float secondpeakcentroid, proximityThreshold;
	PEAK tempPeak[40];
	bool found;

	proximityThreshold = numOfChannels;
	proximityThreshold /= 256.0;
	proximityThreshold *= 2.0;

	totalpeaks = 0;
	tempPeakEnd = 0;
	for(index=0; index<40; index++){
		if(detectpeak[index].height > 0.0) totalpeaks++;
	}

	if((secondregionstart == 0) || (totalpeaks == secondregionstart) || (totalpeaks == 0)){
		// Only peaks in region two (secondregionstart == 0)
		// Only peaks in region one (totalpeaks == secondregionstart)
		// No peaks (totalpeaks == 0)
		// Do Nothing, Nothing to Dedup
	}else{
		for(index=0; index<40; index++){
			tempPeak[index].centroid = 0;
			tempPeak[index].height = 0;
		}

		// copy first region to tempPeak

		for(index=0; index<secondregionstart; index++){
			tempPeak[index].centroid = detectpeak[index].centroid;
			tempPeak[index].height = detectpeak[index].height;
		}
		tempPeakEnd = secondregionstart;

		// scan second for duplicated and replace the values into the tempPeak;
		for(index=secondregionstart; index<40; index++){
			if(detectpeak[index].height > 0.0){
				secondpeakcentroid = detectpeak[index].centroid;
				found = FALSE;
				for(jndex=0; jndex<secondregionstart; jndex++){
					if(fabs((detectpeak[jndex].centroid - secondpeakcentroid)) < proximityThreshold){
						tempPeak[jndex].centroid = detectpeak[index].centroid;
						tempPeak[jndex].height = detectpeak[index].height;
						found = TRUE;
						break;
					}
				}

				if(!found){
					tempPeak[tempPeakEnd].centroid = detectpeak[index].centroid;
					tempPeak[tempPeakEnd].height = detectpeak[index].height;
					tempPeakEnd++;
				}
			}else{
				break;
			}
		}

		for(index=0; index<40; index++){
			detectpeak[index].centroid = tempPeak[index].centroid;
			detectpeak[index].height = tempPeak[index].height;
		}
	}
}

//Modified
void Mca_getWipePeak(DB_SPEC *spectrum, PEAK detectpeak[], WELLWIPEPEAK wipepeak[]){
	short index, jndex, startCh, endCh;
	float detectpeakcentroid, detectpeakenergy, startEV, endEV;
	int iROICounts, iBackCounts;

	for(index=0; index<40; index++){
		wipepeak[index].WellWipePeakID = 0;
		wipepeak[index].WellWipeID = 0;
		wipepeak[index].Energy = -1.0;
		wipepeak[index].StartROI = -1.0;
		wipepeak[index].EndROI = -1.0;
		wipepeak[index].ROICounts = 0;
		wipepeak[index].ROICPM = 0.0;
		wipepeak[index].BackgroundROICounts = 0;
		wipepeak[index].BackgroundROICPM  = 0.0;
		wipepeak[index].NetROICPM = 0.0;
		wipepeak[index].WellWipeNuclideID = 0;
		wipepeak[index].Activity = -1000000.0;
		wipepeak[index].ExceedsThreshold = FALSE;
		wipepeak[index].PeakType = NOT_FOUND;
	}

	for(index=0; index<40; index++){
		if(detectpeak[index].height>0.0){
			detectpeakcentroid = detectpeak[index].centroid;
			detectpeakenergy = Mca_convertChToEnergy(detectpeakcentroid, NULL);
			wipepeak[index].Energy = detectpeakenergy;
			Mca_getEndPoints(detectpeakenergy, &startEV, &endEV, FALSE);
			wipepeak[index].StartROI = startEV;
			wipepeak[index].EndROI = endEV;
			Mca_getROIChannels(startEV, endEV, &startCh, &endCh, NULL);

			iROICounts = 0;
			iBackCounts = 0;
			for(jndex=startCh; jndex<=endCh; jndex++){
				iROICounts += spectrum->DecompressedSpectra[jndex];
				iBackCounts += activeBkgMirror->Spectrum.DecompressedSpectra[jndex];
			}

			wipepeak[index].ROICounts = iROICounts;
			wipepeak[index].ROICPM = iROICounts;
			wipepeak[index].ROICPM /= spectrum->LiveTime;
			wipepeak[index].ROICPM *= 60.0;

			wipepeak[index].BackgroundROICounts = iBackCounts;
			wipepeak[index].BackgroundROICPM = iBackCounts;
			wipepeak[index].BackgroundROICPM /= activeBkgMirror->Spectrum.LiveTime;
			wipepeak[index].BackgroundROICPM *= 60.0;

			wipepeak[index].NetROICPM = wipepeak[index].ROICPM - wipepeak[index].BackgroundROICPM;
		}else{
			break;
		}
	}
}

// Modified
void Mca_calcPeaks(DB_SPEC *spectrum, WELLWIPEPEAK wipepeak[]){
	short secondregionstart;
	PEAK detectpeak[40];

	Mca_getPeaks2(spectrum->DecompressedSpectra, detectpeak, &secondregionstart, spectrum->NumOfChannels);

	Mca_dedupPeaks(detectpeak, secondregionstart, spectrum->NumOfChannels);

	Mca_getWipePeak(spectrum, detectpeak, wipepeak);
}

// Modified
short Mca_findMatchingWipe(float energy, WELLWIPENUCLIDE WellWipeNuclide[10], int numOfChannels){
	short index, returnValue;
	float lowerLimit, upperLimit, primary;

	returnValue = -1;
	for(index=0; index<10; index++){
		if(WellWipeNuclide[index].WellWipeNuclideID > 0){
			Mca_getEnergyLimits(energy, &lowerLimit, &upperLimit, numOfChannels);
			primary = WellWipeNuclide[index].PrimaryEnergy;
			if(primary>0.0){
				if((primary<=upperLimit) && (primary>=lowerLimit)){
					returnValue = index;
					break;
				}
			}
		}
	}

	return returnValue;
}

//Modified
bool Mca_isMatch(float energy, float primaryEV, float secondaryEV, float tertiaryEV, short type, int numOfChannels){
	bool returnValue;
	float nucEnergy, nucEnergy1, nucEnergy2, lowerLimit, upperLimit;

	nucEnergy = 0.0;
	switch(type){
		case SECONDARY:
			nucEnergy = secondaryEV;
			break;

		case TERTIARY:
			nucEnergy = tertiaryEV;
			break;

		case SUMMED:
			nucEnergy1 = primaryEV;
			nucEnergy2 = secondaryEV;
			if((nucEnergy1 > 0.0) && (nucEnergy2 > 0.0)){
				nucEnergy = nucEnergy1 + nucEnergy2;
			}else{
				nucEnergy = 0.0;
			}
			break;
	}

	if(nucEnergy>0.0){
		Mca_getEnergyLimits(energy, &lowerLimit, &upperLimit, numOfChannels);
		if((nucEnergy <= upperLimit) && (nucEnergy >= lowerLimit)){
			returnValue = TRUE;
		}else{
			returnValue = FALSE;
		}
	}else{
		returnValue = FALSE;
	}

	return returnValue;
}

//Modified
void Mca_matchWipePeaks(WELLWIPEPEAK wipepeak[], float Threshold, WELLWIPENUCLIDE WellWipeNuclide[10], int NumOfChannels){
	short index, jndex, WellWipeNuclideIndex;
	long long int WellWipeNuclideID;
	float primaryEV, secondaryEV, tertiaryEV;

	// Search for Primary
	for(index=0; index<40; index++){
		if(wipepeak[index].Energy >= 0){
			WellWipeNuclideIndex = Mca_findMatchingWipe(wipepeak[index].Energy, WellWipeNuclide, NumOfChannels);
			if(WellWipeNuclideIndex >= 0){
				wipepeak[index].WellWipeNuclideID = WellWipeNuclide[WellWipeNuclideIndex].WellWipeNuclideID;
				wipepeak[index].PeakType = PRIMARY;
				wipepeak[index].Activity = wipepeak[index].NetROICPM / (0.01 * WellWipeNuclide[WellWipeNuclideIndex].Efficiency);
				if(wipepeak[index].Activity > Threshold){
					wipepeak[index].ExceedsThreshold = TRUE;
				}else{
					wipepeak[index].ExceedsThreshold = FALSE;
				}
			}
		}else{
			break;
		}
	}

	// Search for Secondary, Tertiary and Summed Peaks
	for(index=0; index<40; index++){
		if(wipepeak[index].Energy >= 0){
			if(wipepeak[index].PeakType == PRIMARY){
				WellWipeNuclideID = wipepeak[index].WellWipeNuclideID;

				primaryEV = 0.0;
				secondaryEV = 0.0;
				tertiaryEV = 0.0;

				// Search for WELLWIPENUCLIDE, get SecondaryEV and get TertiaryEV
				for(jndex=0; jndex<10; jndex++){
					if(WellWipeNuclide[jndex].WellWipeNuclideID == WellWipeNuclideID){
						primaryEV = WellWipeNuclide[jndex].PrimaryEnergy;
						secondaryEV = WellWipeNuclide[jndex].SecondaryEnergy;
						tertiaryEV = WellWipeNuclide[jndex].TertiaryEnergy;
						break;
					}
				}

				// Scan and Mark Secondary
				for(jndex=0; jndex<40; jndex++){
					if(wipepeak[jndex].Energy >= 0){
						if(wipepeak[jndex].PeakType == NOT_FOUND){
							if(Mca_isMatch(wipepeak[jndex].Energy, primaryEV, secondaryEV, tertiaryEV, SECONDARY, NumOfChannels)){
								wipepeak[jndex].WellWipeNuclideID = WellWipeNuclideID;
								wipepeak[jndex].PeakType = SECONDARY;
								break;
							}
						}
					}else{
						break;
					}
				}

				// Scan and Mark Tertiary
				for(jndex=0; jndex<40; jndex++){
					if(wipepeak[jndex].Energy >= 0){
						if(wipepeak[jndex].PeakType == NOT_FOUND){
							if(Mca_isMatch(wipepeak[jndex].Energy, primaryEV, secondaryEV, tertiaryEV, TERTIARY, NumOfChannels)){
								wipepeak[jndex].WellWipeNuclideID = WellWipeNuclideID;
								wipepeak[jndex].PeakType = TERTIARY;
								break;
							}
						}
					}else{
						break;
					}
				}

				// Scan and Mark Summed
				for(jndex=0; index<40; jndex++){
					if(wipepeak[jndex].Energy >= 0){
						if(wipepeak[jndex].PeakType == NOT_FOUND){
							if(Mca_isMatch(wipepeak[jndex].Energy, primaryEV, secondaryEV, tertiaryEV, SUMMED, NumOfChannels)){
								wipepeak[jndex].WellWipeNuclideID = WellWipeNuclideID;
								wipepeak[jndex].PeakType = SUMMED;
								break;
							}
						}
					}else{
						break;
					}
				}
			}
		}else{
			break;
		}
	}
}

//Modified
void Mca_testDetectorChange(char *serialnum, short threshold, short hv, short installed, int num_of_channels){
	int index;

	switch(installed){
		case DET_WELL:
		case DET_BETA:
			if(wellAutoCalMirror.AutoCalID > 0){
				if((strcmp(wellAutoCalMirror.serialnum, serialnum) != 0) || (wellAutoCalMirror.threshold != threshold) || (wellAutoCalMirror.hv != hv) || (wellAutoCalMirror.num_of_channels != num_of_channels)){
					DB_InactiveAutoCalAndBkg(DET_WELL);
					wellAutoCalMirror.AutoCalID = 0;
					wellAutoCalMirror.zeroopampoffset = 0;
					wellAutoCalMirror.gain1 = 900;
					wellAutoCalMirror.gain2 = 4;
					wellAutoCalMirror.sigma = 0;
					wellAutoCalMirror.sigma_lip = 0;
					for(index=0; index<5; index++){
						wellAutoCalMirror.linmeasured[index] = 0.0;
						wellAutoCalMirror.linStd[index] = 0.0;
						wellAutoCalMirror.linMeas[index] = 0.0;
					}
					for(index=0; index<6; index++){
						wellAutoCalMirror.factorMtoS[index] = 0.0;
						wellAutoCalMirror.factorStoM[index] = 0.0;
					}
					wellAutoCalMirror.serialnum[0] = 0;
					wellAutoCalMirror.threshold = 0;
					wellAutoCalMirror.hv = 0;
					wellAutoCalMirror.caltstamp = 0;
					wellAutoCalMirror.lintstamp = 0;
					wellAutoCalMirror.num_of_channels = 256;
					wellAutoCalMirror.linearityActive = FALSE;

					Mca_clearBkgMirror(DET_WELL);

					detectorMirror.auto_cal_threshold = 0;
					DB_WriteAutoCalThreshold(0, DET_WELL);
				}
			}

			if(betaAutoCalMirror.AutoCalID > 0){
				if((strcmp(betaAutoCalMirror.serialnum, serialnum) != 0) || (betaAutoCalMirror.threshold != threshold) || (betaAutoCalMirror.hv != hv) || (betaAutoCalMirror.num_of_channels != num_of_channels)){
					DB_InactiveAutoCalAndBkg(DET_BETA);
					betaAutoCalMirror.AutoCalID = 0;
					betaAutoCalMirror.zeroopampoffset = 0;
					betaAutoCalMirror.gain1 = 900;
					betaAutoCalMirror.gain2 = 4;
					betaAutoCalMirror.sigma = 0;
					betaAutoCalMirror.sigma_lip = 0;
					for(index=0; index<5; index++){
						betaAutoCalMirror.linmeasured[index] = 0.0;
						betaAutoCalMirror.linStd[index] = 0.0;
						betaAutoCalMirror.linMeas[index] = 0.0;
					}
					for(index=0; index<6; index++){
						betaAutoCalMirror.factorMtoS[index] = 0.0;
						betaAutoCalMirror.factorStoM[index] = 0.0;
					}
					betaAutoCalMirror.serialnum[0] = 0;
					betaAutoCalMirror.threshold = 0;
					betaAutoCalMirror.hv = 0;
					betaAutoCalMirror.caltstamp = 0;
					betaAutoCalMirror.lintstamp = 0;
					betaAutoCalMirror.num_of_channels = 256;
					betaAutoCalMirror.linearityActive = FALSE;

					Mca_clearBkgMirror(DET_BETA);

					detectorMirror.auto_cal_threshold = 0;
					DB_WriteAutoCalThreshold(0, DET_BETA);
				}
			}
			break;

		case DET_PROBE700:
			if(probe700AutoCalMirror.AutoCalID > 0){
				if((detectorProbe700Mirror.installed != DET_PROBE700) || (strcmp(probe700AutoCalMirror.serialnum, serialnum) != 0) || (probe700AutoCalMirror.threshold != threshold) || (probe700AutoCalMirror.hv != hv) || (probe700AutoCalMirror.num_of_channels != num_of_channels)){
					DB_InactiveAutoCalAndBkg(DET_PROBE700);
					probe700AutoCalMirror.AutoCalID = 0;
					probe700AutoCalMirror.zeroopampoffset = 0;
					probe700AutoCalMirror.gain1 = 900;
					probe700AutoCalMirror.gain2 = 4;
					probe700AutoCalMirror.sigma = 0;
					probe700AutoCalMirror.sigma_lip = 0;
					for(index=0; index<5; index++){
						probe700AutoCalMirror.linmeasured[index] = 0.0;
						probe700AutoCalMirror.linStd[index] = 0.0;
						probe700AutoCalMirror.linMeas[index] = 0.0;
					}
					for(index=0; index<6; index++){
						probe700AutoCalMirror.factorMtoS[index] = 0.0;
						probe700AutoCalMirror.factorStoM[index] = 0.0;
					}
					probe700AutoCalMirror.serialnum[0] = 0;
					probe700AutoCalMirror.threshold = 0;
					probe700AutoCalMirror.hv = 0;
					probe700AutoCalMirror.caltstamp = 0;
					probe700AutoCalMirror.lintstamp = 0;
					probe700AutoCalMirror.num_of_channels = 512;
					probe700AutoCalMirror.linearityActive = FALSE;

					Mca_clearBkgMirror(DET_PROBE700);

					detectorProbe700Mirror.auto_cal_threshold = 0;
					DB_WriteAutoCalThreshold(0, DET_PROBE700);
				}
			}
			break;

		case DET_DRILLEDPROBE700:
			if(drilledprobe700AutoCalMirror.AutoCalID > 0){
				if((detectorProbe700Mirror.installed != DET_DRILLEDPROBE700) || (strcmp(drilledprobe700AutoCalMirror.serialnum, serialnum) != 0) || (drilledprobe700AutoCalMirror.threshold != threshold) || (drilledprobe700AutoCalMirror.hv != hv) || (drilledprobe700AutoCalMirror.num_of_channels != num_of_channels)){
					DB_InactiveAutoCalAndBkg(DET_DRILLEDPROBE700);
					drilledprobe700AutoCalMirror.AutoCalID = 0;
					drilledprobe700AutoCalMirror.zeroopampoffset = 0;
					drilledprobe700AutoCalMirror.gain1 = 900;
					drilledprobe700AutoCalMirror.gain2 = 4;
					drilledprobe700AutoCalMirror.sigma = 0;
					drilledprobe700AutoCalMirror.sigma_lip = 0;
					for(index=0; index<5; index++){
						drilledprobe700AutoCalMirror.linmeasured[index] = 0.0;
						drilledprobe700AutoCalMirror.linStd[index] = 0.0;
						drilledprobe700AutoCalMirror.linMeas[index] = 0.0;
					}
					for(index=0; index<6; index++){
						drilledprobe700AutoCalMirror.factorMtoS[index] = 0.0;
						drilledprobe700AutoCalMirror.factorStoM[index] = 0.0;
					}
					drilledprobe700AutoCalMirror.serialnum[0] = 0;
					drilledprobe700AutoCalMirror.threshold = 0;
					drilledprobe700AutoCalMirror.hv = 0;
					drilledprobe700AutoCalMirror.caltstamp = 0;
					drilledprobe700AutoCalMirror.lintstamp = 0;
					drilledprobe700AutoCalMirror.num_of_channels = 512;
					drilledprobe700AutoCalMirror.linearityActive = FALSE;

					Mca_clearBkgMirror(DET_DRILLEDPROBE700);

					detectorProbe700Mirror.auto_cal_threshold = 0;
					DB_WriteAutoCalThreshold(0, DET_DRILLEDPROBE700);
				}
			}
			break;

		case DET_WELL700:
			if(well700AutoCalMirror.AutoCalID > 0){
				if((detectorWell700Mirror.installed != DET_WELL700) || (strcmp(well700AutoCalMirror.serialnum, serialnum) != 0) || (well700AutoCalMirror.threshold != threshold) || (well700AutoCalMirror.hv != hv) || (well700AutoCalMirror.num_of_channels != num_of_channels)){
					DB_InactiveAutoCalAndBkg(DET_WELL700);
					well700AutoCalMirror.AutoCalID = 0;
					well700AutoCalMirror.zeroopampoffset = 0;
					well700AutoCalMirror.gain1 = 900;
					well700AutoCalMirror.gain2 = 4;
					well700AutoCalMirror.sigma = 0;
					well700AutoCalMirror.sigma_lip = 0;
					for(index=0; index<5; index++){
						well700AutoCalMirror.linmeasured[index] = 0.0;
						well700AutoCalMirror.linStd[index] = 0.0;
						well700AutoCalMirror.linMeas[index] = 0.0;
					}
					for(index=0; index<6; index++){
						well700AutoCalMirror.factorMtoS[index] = 0.0;
						well700AutoCalMirror.factorStoM[index] = 0.0;
					}
					well700AutoCalMirror.serialnum[0] = 0;
					well700AutoCalMirror.threshold = 0;
					well700AutoCalMirror.hv = 0;
					well700AutoCalMirror.caltstamp = 0;
					well700AutoCalMirror.lintstamp = 0;
					well700AutoCalMirror.num_of_channels = 512;
					well700AutoCalMirror.linearityActive = FALSE;

					Mca_clearBkgMirror(DET_WELL700);

					detectorWell700Mirror.auto_cal_threshold = 0;
					DB_WriteAutoCalThreshold(0, DET_WELL700);
				}
			}
			break;
	}
}

//Modified
void Mca_setHVMirror(short value, short detectorType){
	switch(detectorType){
		case DET_WELL:
		case DET_BETA:
			detectorMirror.hv = value;
			break;

		case DET_PROBE700:
		case DET_DRILLEDPROBE700:
			detectorProbe700Mirror.hv = value;
			break;

		case DET_WELL700:
			detectorWell700Mirror.hv = value;
			break;
	}
}

//Modified
void Mca_setThresholdMirror(short value, short detectorType){
	switch(detectorType){
		case DET_WELL:
		case DET_BETA:
			detectorMirror.threshold = value;
			break;

		case DET_PROBE700:
		case DET_DRILLEDPROBE700:
			detectorProbe700Mirror.threshold = value;
			break;

		case DET_WELL700:
			detectorWell700Mirror.threshold = value;
			break;
	}
}

//Modified
void Mca_setSerialMirror(char *value, short detectorType){
	short index;

	switch(detectorType){
		case DET_WELL:
		case DET_BETA:
			for(index=0; index<6; index++){
				detectorMirror.snum[index]= *value;
				value++;
			}
			break;

		case DET_PROBE700:
		case DET_DRILLEDPROBE700:
			for(index=0; index<6; index++){
				detectorProbe700Mirror.snum[index] = *value;
				value++;
			}
			break;

		case DET_WELL700:
			for(index=0; index<6; index++){
				detectorWell700Mirror.snum[index] = *value;
				value++;
			}
			break;

	}
}

void Mca_setChannelsMirror(int num_of_channels, short detectorType){
	switch(detectorType){
		case DET_WELL:
		case DET_BETA:
			detectorMirror.num_of_channels = num_of_channels;
			break;

		case DET_PROBE700:
		case DET_DRILLEDPROBE700:
			detectorProbe700Mirror.num_of_channels = num_of_channels;
			break;

		case DET_WELL700:
			detectorWell700Mirror.num_of_channels = num_of_channels;
			break;
	}
}

void Mca_setInstalledMirror(short installed, short detectorType){
	switch(detectorType){
		case DET_PROBE700:
		case DET_DRILLEDPROBE700:
			detectorProbe700Mirror.installed = installed;
			break;

		case DET_WELL700:
			detectorWell700Mirror.installed = installed;
			break;
	}
}

void Mca_setAutoCalThresholdMirror(int AutoCalThreshold){
	activeDetectorMirror->auto_cal_threshold = AutoCalThreshold;
}

DETECTOR *Mca_getDetectorMirrorPtr(void){
	return activeDetectorMirror;
}

int Mca_getNumOfChannels(void){
	return activeDetectorMirror->num_of_channels;
}

int Mca_getAutoCalThreshold(void){
	return activeDetectorMirror->auto_cal_threshold;
}

short Mca_getInitialGain1(void){
	return activeDetectorMirror->initial_gain_1;
}

short Mca_getInitialGain2(void){
	return activeDetectorMirror->initial_gain_2;
}

//Modified
void Mca_loadUncorrectedSpectrum(ulong spectra[4096], AUTOCAL *autocal, int NumOfChannels){
	short index;
	float channel;
	AUTOCAL *autoCal;

	if(autocal == NULL){
		autoCal = activeAutoCalMirror;
	}else{
		autoCal = autocal;
	}

	//Mca_numOfChannelsCorrection = autoCal->num_of_channels;
	Mca_numOfChannelsCorrection = NumOfChannels;
	for(index=0; index<Mca_numOfChannelsCorrection; index++){
		Mca_spectraCorrection[index] = spectra[index];
		channel = index;
		Mca_keVCorrection[index] = Mca_convertChToEnergyWithExplicitNumOfCh(channel, autoCal, NumOfChannels);
	}
}

//Modified
float Mca_getCorrectedSpectra(float eV){
	short index;
	float returnvalue;
	float slope, counts1, counts0, denomin, numer, energydelta;

	if(eV<=0.0){
		returnvalue = Mca_spectraCorrection[0];
	}else if(eV>=2000.0){
		returnvalue = Mca_spectraCorrection[Mca_numOfChannelsCorrection - 1];
	}else{
		index = 0;
		while((index<Mca_numOfChannelsCorrection) && Mca_keVCorrection[index] < eV) index++;
		if(Mca_keVCorrection[index] == eV){
			returnvalue = Mca_spectraCorrection[index];
		}else{
			counts0 = Mca_spectraCorrection[index - 1];
			counts1 = Mca_spectraCorrection[index];
			numer = counts1 - counts0;
			denomin = Mca_keVCorrection[index] - Mca_keVCorrection[index - 1];
			slope = numer / denomin;
			energydelta = eV - Mca_keVCorrection[index - 1];
			returnvalue = slope * energydelta + counts0;
		}
	}

	return returnvalue;
}

bool Mca_isMultiDetector(void){
	bool result;

	if(activeDetectorMirror == &detectorMirror) result = FALSE;
	else if((detectorProbe700Mirror.installed != DET_EMPTY) && (detectorWell700Mirror.installed != DET_EMPTY)) result = TRUE;
	else result = FALSE;

	return result;
}

bool Mca_hasWell(void){
	bool result;

	if(activeDetectorMirror == &detectorMirror) result = TRUE;
	else if(detectorWell700Mirror.installed == DET_WELL700) result = TRUE;
	else if(detectorProbe700Mirror.installed == DET_DRILLEDPROBE700) result = TRUE;
	else result = FALSE;

	return result;
}

bool Mca_hasProbe(void){
	bool result;

	if(activeDetectorMirror == &detectorMirror) result = FALSE;
	else if(detectorProbe700Mirror.installed == DET_PROBE700) result = TRUE;
	else if(detectorProbe700Mirror.installed == DET_DRILLEDPROBE700) result = TRUE;
	else result = FALSE;

	return result;
}

void Mca_switchToWell(void){
	if(Mca_installedDetector == DET_PROBE700){
		Mca_switchDetector(DET_WELL700);
	}
}

void Mca_switchToProbe(void){
	if(Mca_installedDetector == DET_WELL700){
		Mca_switchDetector(DET_PROBE700);
	}
}

short Mca_probe700Installed(void){
	return detectorProbe700Mirror.installed;
}

short Mca_well700Installed(void){
	return detectorWell700Mirror.installed;
}

static void MCA_set700WellRelay(bool Well){
	ushort ctl;

	ctl = read_mca_port(DSPSYSCONTROL);

	if(Well){
		ctl |= 0x01;
	}else{
		ctl &= 0xFE;
	}
	write_mca_port(DSPSYSCONTROL, ctl);
}

void Mca_switchDetector(short newDetector){
	Mca_installedDetector = newDetector;
	switch(Mca_installedDetector){
		case DET_PROBE700:
			activeDetectorMirror = &detectorProbe700Mirror;
			activeAutoCalMirror = &probe700AutoCalMirror;
			activeBkgMirror = &probe700BkgMirror;
			MCA_set700WellRelay(FALSE); // Probe is not Well
			break;

		case DET_DRILLEDPROBE700:
			activeDetectorMirror = &detectorProbe700Mirror;
			activeAutoCalMirror = &drilledprobe700AutoCalMirror;
			activeBkgMirror = &drilledprobe700BkgMirror;
			MCA_set700WellRelay(FALSE); // Probe is not Well
			break;

		case DET_WELL700:
			activeDetectorMirror = &detectorWell700Mirror;
			activeAutoCalMirror = &well700AutoCalMirror;
			activeBkgMirror = &well700BkgMirror;
			MCA_set700WellRelay(TRUE); // Well relay is on
			break;
	}

	MCASetHV(activeDetectorMirror->hv, TRUE);
	MCASetThreshold(activeDetectorMirror->threshold);
	Mca_setZeroOpAmpOffset(activeAutoCalMirror->zeroopampoffset);
	Mca_setGain(activeAutoCalMirror->gain1, activeAutoCalMirror->gain2);
}

void Mca_saveCurrentDetector(void){
	DB_WriteDetector(&detectorMirror, DET_WELL);
	DB_WriteDetector(&detectorProbe700Mirror, DET_PROBE700);
	DB_WriteDetector(&detectorWell700Mirror, DET_WELL700);
}

void Mca_sendDetectorType(void){
	switch(Mca_installedDetector){
		case DET_WELL:
			SetAmuletString(9, "WELL");
			break;

		case DET_WELL700:
			SetAmuletString(9, "Well");
			break;

		case DET_BETA:
			SetAmuletString(9, "Beta");
			break;

		case DET_PROBE700:
			SetAmuletString(9, "Probe");
			break;

		case DET_DRILLEDPROBE700:
			SetAmuletString(9, "Drilled Probe");
			break;

		default:
			SetAmuletString(9, "");
			break;
	}
}

DETECTOR *Mca_detectorMirror(void){
	return &detectorMirror;
}

DETECTOR *Mca_detectorProbe700Mirror(void){
	return &detectorProbe700Mirror;
}

DETECTOR *Mca_detectorWell700Mirror(void){
	return &detectorWell700Mirror;
}

/*void Mca_retrieveSpectrum(long *spectrum, float *liveTime, float *realTime, time_t *stamp, float *cpm){
	short index;

	for(index=0; index<256; index++){
		*spectrum = spec_meas.spectrum[index];
		spectrum++;
	}
	for(index=0; index<256; index++) spec_meas.spectrum[index] = 0;

	*liveTime = spec_meas.live_time;
	spec_meas.live_time = 0;
	*realTime = spec_meas.real_time;
	spec_meas.real_time = 0;
	*stamp = spec_meas.stamp;
	spec_meas.stamp = (time_t) 0;
	*cpm = spec_meas.averagecpm;
	spec_meas.averagecpm = 0;
}

void Mca_retrieveSpectrumNotClear(long *spectrum, float *liveTime, float *realTime, time_t *stamp, float *cpm){
		short index;

	for(index=0; index<256; index++){
		*spectrum = spec_meas.spectrum[index];
		spectrum++;
	}

	*liveTime = spec_meas.live_time;
	*realTime = spec_meas.real_time;
	*stamp = spec_meas.stamp;
	*cpm = spec_meas.averagecpm;
}*/
